No,KPPN,BA/KL,BAEs1,Satker,"No Kontrak 
 NRK/CAN",Tgl Kontrak,Tgl Akhir Kontrak,Nama Supplier,Total Nilai Kontrak,Nilai Kontrak yang Sudah Dibayarkan,Pengisian,Belanja_Pembayaran,Potongan_Pembayaran,Penihilan,Saldo,Tanggal Akhir Pemberian Kesempatan,% Progress Per 31 Desember
1,008 Pekanbaru,137 KEMENTERIAN IMIGRASI DAN PEMASYARAKATAN,A13704,692639 LAPAS NARKOTIKA KELAS II B RUMBAI,A/008.25000491/0/2,2025-06-17,2025-12-31,PT. PRIMEGA SANIYYA LESTARI,"Rp96.360.076,00","Rp96.360.076,00","Rp81.906.065,00","Rp81.906.065,00","-Rp10.699.441,00",Rp -,Rp -,,
2,008 Pekanbaru,145 KEMENTERIAN PEKERJAAN UMUM,A14503,694186 SNVT PELAKSANAAN JARINGAN PEMANFAATAN AIR SUMATERA III PROVINSI RIAU,A/008.25001145/0/0,2025-10-27,2025-12-15,CV. AMORA JAYA SENTOSA,"Rp173.261.000,00","Rp173.261.000,00","Rp173.261.000,00",Rp -,Rp -,Rp -,"Rp173.261.000,00",,
3,008 Pekanbaru,145 KEMENTERIAN PEKERJAAN UMUM,A14503,694186 SNVT PELAKSANAAN JARINGAN PEMANFAATAN AIR SUMATERA III PROVINSI RIAU,A/008.25002091/0/0,2025-12-16,2025-12-31,CV. PUTRI KACAMAYANG,"Rp195.620.000,00","Rp195.620.000,00","Rp195.620.000,00","Rp195.620.000,00","-Rp22.469.865,00",Rp -,Rp -,,
4,092 Rengat,005 MAHKAMAH AGUNG,A00501,401908 PENGADILAN NEGERI TELUK KUANTAN,A/092.25000156/0/1,2025-11-13,2025-12-27,CV. BENGKEL SPESIALIS KEPRI,"Rp1.677.000.000,00","Rp1.677.000.000,00","Rp1.178.786.100,00","Rp1.178.786.100,00","-Rp153.985.571,00",Rp -,Rp -,,100
5,008 Pekanbaru,137 KEMENTERIAN IMIGRASI DAN PEMASYARAKATAN,A13704,692781 RUTAN KELAS I PEKANBARU,A/008.25000004/0/4,2024-12-27,2025-12-31,CV. PELANGI PAGI,"Rp16.158.710.572,00","Rp16.158.710.572,00","Rp1.546.952.216,00","Rp1.509.514.290,00","-Rp76.503.815,00","Rp37.437.926,00",Rp -,,
6,008 Pekanbaru,137 KEMENTERIAN IMIGRASI DAN PEMASYARAKATAN,A13703,692961 RUMAH DETENSI IMIGRASI PEKANBARU,A/008.25000348/0/1,2025-04-30,2025-12-31,CV. RAYA DEE JAYA,"Rp82.008.000,00","Rp82.008.000,00","Rp7.236.000,00","Rp7.236.000,00","-Rp144.720,00",Rp -,Rp -,,
7,120 Dumai,137 KEMENTERIAN IMIGRASI DAN PEMASYARAKATAN,A13704,692311 LAPAS KELAS II A BAGAN SIAPI-API,A/120.25000213/0/1,2025-10-16,2025-12-31,PT. ASTADIPATI DUTA HARINDO,"Rp1.116.675.984,00","Rp1.116.675.984,00","Rp1.116.675.984,00",Rp -,Rp -,Rp -,"Rp1.116.675.984,00",19-Feb-26,
8,008 Pekanbaru,145 KEMENTERIAN PEKERJAAN UMUM,A14503,694186 SNVT PELAKSANAAN JARINGAN PEMANFAATAN AIR SUMATERA III PROVINSI RIAU,A/008.25001308/0/0,2025-10-27,2025-12-15,EDDY HERMAWAN,"Rp148.500.000,00","Rp148.500.000,00","Rp74.250.000,00",Rp -,Rp -,Rp -,"Rp74.250.000,00",,
9,008 Pekanbaru,116 LEMBAGA PENYIARAN PUBLIK RADIO REPUBLIK INDONESIA,A11601,700149 RRI PEKANBARU,A/008.25000077/0/0,2025-01-02,2025-12-31,PT. TAMADDUN RIAU,"Rp448.299.756,00","Rp448.299.756,00","Rp37.358.313,00","Rp37.358.313,00","-Rp4.375.297,00",Rp -,Rp -,,
10,008 Pekanbaru,145 KEMENTERIAN PEKERJAAN UMUM,A14503,694186 SNVT PELAKSANAAN JARINGAN PEMANFAATAN AIR SUMATERA III PROVINSI RIAU,A/008.25002049/0/0,2025-12-16,2025-12-30,AHMAT ALAMSYAH,"Rp99.000.000,00","Rp99.000.000,00","Rp99.000.000,00","Rp99.000.000,00","-Rp2.574.000,00",Rp -,Rp -,,
11,008 Pekanbaru,145 KEMENTERIAN PEKERJAAN UMUM,A14504,693878 PELAKSANAAN JALAN NASIONAL WILAYAH II PROVINSI RIAU,A/008.25000277/0/5,2025-04-09,2025-12-31,PT. DEFA PUTRA ABADI,"Rp5.722.882.000,00","Rp5.722.882.000,00","Rp418.890.000,00","Rp418.890.000,00","-Rp51.512.149,00",Rp -,Rp -,,
12,008 Pekanbaru,139 KEMENTERIAN PENDIDIKAN TINGGI SAINS DAN TEKNOLOGI,A13903,693425 UNIVERSITAS RIAU,A/008.25001096/0/1,2025-10-21,2025-12-22,CV. FATIH BAHARI ENGINEERING,"Rp893.199.550,00","Rp893.199.550,00","Rp893.199.550,00","Rp893.199.550,00","-Rp111.002.933,00",Rp -,Rp -,,
13,008 Pekanbaru,145 KEMENTERIAN PEKERJAAN UMUM,A14503,694186 SNVT PELAKSANAAN JARINGAN PEMANFAATAN AIR SUMATERA III PROVINSI RIAU,A/008.25001271/0/0,2025-10-27,2025-12-15,ELDO RUSLIADI,"Rp148.500.000,00","Rp148.500.000,00","Rp74.250.000,00",Rp -,Rp -,Rp -,"Rp74.250.000,00",,
14,120 Dumai,025 KEMENTERIAN AGAMA,A02504,090261 STAIN BENGKALIS,A/120.25000282/0/0,2025-12-02,2025-12-26,CV. NEOTECH CONSULTANT,"Rp30.000.000,00","Rp30.000.000,00","Rp30.000.000,00","Rp30.000.000,00","-Rp3.918.919,00",Rp -,Rp -,,
15,008 Pekanbaru,145 KEMENTERIAN PEKERJAAN UMUM,A14503,694186 SNVT PELAKSANAAN JARINGAN PEMANFAATAN AIR SUMATERA III PROVINSI RIAU,A/008.25002042/0/0,2025-12-16,2025-12-30,SURYADI,"Rp99.000.000,00","Rp99.000.000,00","Rp99.000.000,00","Rp99.000.000,00","-Rp2.574.000,00",Rp -,Rp -,,
16,008 Pekanbaru,145 KEMENTERIAN PEKERJAAN UMUM,A14503,694186 SNVT PELAKSANAAN JARINGAN PEMANFAATAN AIR SUMATERA III PROVINSI RIAU,A/008.25001974/0/0,2025-12-12,2025-12-21,HENKY FRANSISCO NELWAN,"Rp99.000.000,00","Rp99.000.000,00","Rp99.000.000,00","Rp99.000.000,00","-Rp3.465.000,00",Rp -,Rp -,,
17,120 Dumai,056 KEMENTERIAN AGRARIA DAN TATA RUANG/BPN,A05601,091324 KANTOR PERTANAHAN KABUPATEN KEPULAUAN MERANTI,A/120.25000186/1/1,2025-09-22,2025-12-31,PT. WEBGIS INDONESIA,"Rp4.167.450.000,00","Rp4.167.450.000,00","Rp1.574.370.000,00","Rp1.574.370.000,00",Rp -,Rp -,Rp -,,100
18,008 Pekanbaru,145 KEMENTERIAN PEKERJAAN UMUM,A14503,694186 SNVT PELAKSANAAN JARINGAN PEMANFAATAN AIR SUMATERA III PROVINSI RIAU,A/008.25001032/0/0,2025-10-09,2025-12-07,DAPIKA,"Rp133.401.573,00","Rp133.401.573,00","Rp66.700.786,00","Rp66.700.786,00","-Rp4.869.170,00",Rp -,Rp -,,
19,008 Pekanbaru,145 KEMENTERIAN PEKERJAAN UMUM,A14503,694186 SNVT PELAKSANAAN JARINGAN PEMANFAATAN AIR SUMATERA III PROVINSI RIAU,A/008.25002097/0/0,2025-12-16,2025-12-30,CV. HAZARD PUTRA PERKASA,"Rp196.277.000,00","Rp196.277.000,00","Rp196.277.000,00",Rp -,Rp -,Rp -,"Rp196.277.000,00",,
20,008 Pekanbaru,145 KEMENTERIAN PEKERJAAN UMUM,A14503,694186 SNVT PELAKSANAAN JARINGAN PEMANFAATAN AIR SUMATERA III PROVINSI RIAU,A/008.25001302/0/0,2025-10-27,2025-12-15,SAPRUDIN,"Rp148.500.000,00","Rp148.500.000,00","Rp74.250.000,00",Rp -,Rp -,Rp -,"Rp74.250.000,00",,
21,008 Pekanbaru,145 KEMENTERIAN PEKERJAAN UMUM,A14503,694186 SNVT PELAKSANAAN JARINGAN PEMANFAATAN AIR SUMATERA III PROVINSI RIAU,A/008.25002052/0/0,2025-12-15,2025-12-24,ILHAM YULIAN AGUNG,"Rp99.000.000,00","Rp99.000.000,00","Rp99.000.000,00",Rp -,Rp -,Rp -,"Rp99.000.000,00",,
22,008 Pekanbaru,146 KEMENTERIAN PERUMAHAN DAN KAWASAN PERMUKIMAN,A14603,691439 PERUMAHAN DAN KAWASAN PERMUKIMAN PROVINSI RIAU,A/008.25001334/0/1,2025-10-31,2025-12-31,PT. DUTA BHUANAJAYA,"Rp173.370.000,00","Rp173.370.000,00","Rp52.011.000,00",Rp -,Rp -,Rp -,"Rp52.011.000,00",19-Feb-26,
23,120 Dumai,139 KEMENTERIAN PENDIDIKAN TINGGI SAINS DAN TEKNOLOGI,A13903,693505 POLITEKNIK NEGERI BENGKALIS,A/120.25000228/0/0,2025-10-29,2025-12-19,CV. PASA FAMILY,"Rp336.441.000,00","Rp336.441.000,00","Rp336.441.000,00","Rp336.441.000,00","-Rp41.251.910,00",Rp -,Rp -,,
24,092 Rengat,137 KEMENTERIAN IMIGRASI DAN PEMASYARAKATAN,A13704,692676 RUPBASAN KELAS II RENGAT,A/092.25000132/0/0,2025-08-01,2025-12-31,KOPERASI. KOPERASI PEMASARAN PUSKOPASINDO RIAU,"Rp65.715.000,00","Rp65.715.000,00","Rp13.143.000,00","Rp13.143.000,00","-Rp375.467,00",Rp -,Rp -,,100
25,008 Pekanbaru,137 KEMENTERIAN IMIGRASI DAN PEMASYARAKATAN,A13704,692316 LAPAS KELAS II A BANGKINANG,A/008.25000002/0/10,2024-12-30,2025-12-31,CV. MAKARIOS ABADI,"Rp16.523.012.958,00","Rp16.523.012.958,00","Rp446.554.750,00","Rp446.554.750,00","-Rp31.217.670,00",Rp -,Rp -,,100
26,092 Rengat,022 KEMENTERIAN PERHUBUNGAN,A02204,559250 UNIT PENYELENGGARA PELABUHAN SUNGAI GUNTUNG,A/092.25000108/0/3,2025-08-25,2025-12-30,PT. CENTRA PERKASA KONINDO,"Rp17.223.426.000,00","Rp17.223.426.000,00","Rp2.066.811.120,00",Rp -,Rp -,Rp -,"Rp2.066.811.120,00",,
27,008 Pekanbaru,145 KEMENTERIAN PEKERJAAN UMUM,A14503,694186 SNVT PELAKSANAAN JARINGAN PEMANFAATAN AIR SUMATERA III PROVINSI RIAU,A/008.25001980/0/0,2025-12-12,2025-12-21,EKO PERDANA PUTRA,"Rp99.000.000,00","Rp99.000.000,00","Rp99.000.000,00",Rp -,Rp -,Rp -,"Rp99.000.000,00",,
28,008 Pekanbaru,127 BADAN KARANTINA INDONESIA,A12701,690873 BALAI KARANTINA HEWAN IKAN DAN TUMBUHAN RIAU,A/008.25001739/0/0,2025-12-01,2025-12-31,SRI RAHMI KAMELIA,"Rp2.900.000,00","Rp2.900.000,00","Rp2.900.000,00","Rp2.900.000,00","-Rp14.500,00",Rp -,Rp -,,
29,008 Pekanbaru,145 KEMENTERIAN PEKERJAAN UMUM,A14503,694186 SNVT PELAKSANAAN JARINGAN PEMANFAATAN AIR SUMATERA III PROVINSI RIAU,A/008.25002047/0/0,2025-12-16,2025-12-30,M.HAREFF,"Rp99.000.000,00","Rp99.000.000,00","Rp99.000.000,00","Rp99.000.000,00","-Rp2.574.000,00",Rp -,Rp -,,
30,008 Pekanbaru,145 KEMENTERIAN PEKERJAAN UMUM,A14503,694186 SNVT PELAKSANAAN JARINGAN PEMANFAATAN AIR SUMATERA III PROVINSI RIAU,A/008.25001274/0/0,2025-10-27,2025-12-15,DEDI ROSPIAN,"Rp148.500.000,00","Rp148.500.000,00","Rp74.250.000,00",Rp -,Rp -,Rp -,"Rp74.250.000,00",,
31,008 Pekanbaru,145 KEMENTERIAN PEKERJAAN UMUM,A14504,693877 PELAKSANAAN JALAN NASIONAL WILAYAH I PROVINSI RIAU,A/008.25001939/0/1,2025-12-03,2025-12-31,PT. DONNY PUTRA MANDIRI,"Rp8.820.462.000,00","Rp8.820.462.000,00","Rp2.288.974.800,00","Rp2.288.974.800,00","-Rp281.482.037,00",Rp -,Rp -,,
32,008 Pekanbaru,145 KEMENTERIAN PEKERJAAN UMUM,A14506,691285 PELAKSANAAN PRASARANA STRATEGIS RIAU,A/008.25001816/1/0,2025-11-28,2025-12-31,PT. MAHAKARYA ABADI KONSULTAN KSO SINERGI LESTARI KARYA,"Rp266.117.000,00","Rp266.117.000,00","Rp133.528.400,00",Rp -,Rp -,Rp -,"Rp133.528.400,00",,
33,008 Pekanbaru,145 KEMENTERIAN PEKERJAAN UMUM,A14503,694186 SNVT PELAKSANAAN JARINGAN PEMANFAATAN AIR SUMATERA III PROVINSI RIAU,A/008.25001273/0/0,2025-10-27,2025-12-15,DEDI APRIADI,"Rp148.500.000,00","Rp148.500.000,00","Rp74.250.000,00",Rp -,Rp -,Rp -,"Rp74.250.000,00",,
34,008 Pekanbaru,145 KEMENTERIAN PEKERJAAN UMUM,A14503,694186 SNVT PELAKSANAAN JARINGAN PEMANFAATAN AIR SUMATERA III PROVINSI RIAU,A/008.25001232/0/3,2025-10-24,2025-12-31,PT. HUTAMA KARYA (PERSERO),"Rp14.838.729.941,00","Rp14.838.729.941,00","Rp1.483.872.994,00",Rp -,Rp -,Rp -,"Rp1.483.872.994,00",,
35,008 Pekanbaru,145 KEMENTERIAN PEKERJAAN UMUM,A14503,694186 SNVT PELAKSANAAN JARINGAN PEMANFAATAN AIR SUMATERA III PROVINSI RIAU,A/008.25001283/0/0,2025-10-27,2025-12-15,JOKO ARIANTO,"Rp148.500.000,00","Rp148.500.000,00","Rp74.250.000,00",Rp -,Rp -,Rp -,"Rp74.250.000,00",,
36,008 Pekanbaru,145 KEMENTERIAN PEKERJAAN UMUM,A14503,694186 SNVT PELAKSANAAN JARINGAN PEMANFAATAN AIR SUMATERA III PROVINSI RIAU,A/008.25001269/0/2,2025-10-29,2025-12-31,PT. AGRINAS PALMA NUSANTARA (PERSERO),"Rp588.758.000,00","Rp588.758.000,00","Rp98.087.083,00","Rp98.087.083,00","-Rp12.813.178,00",Rp -,Rp -,,
37,008 Pekanbaru,145 KEMENTERIAN PEKERJAAN UMUM,A14503,694186 SNVT PELAKSANAAN JARINGAN PEMANFAATAN AIR SUMATERA III PROVINSI RIAU,A/008.25001049/0/1,2025-10-16,2025-12-04,CV. FATIH BAHARI ENGINEERING,"Rp157.091.000,00","Rp157.091.000,00","Rp157.091.000,00",Rp -,Rp -,Rp -,"Rp157.091.000,00",,
38,008 Pekanbaru,145 KEMENTERIAN PEKERJAAN UMUM,A14506,691285 PELAKSANAAN PRASARANA STRATEGIS RIAU,A/008.25001799/1/0,2025-11-28,2025-12-31,PT. ASTADIPATI DUTA H KSO PT. SCE,"Rp338.567.000,00","Rp338.567.000,00","Rp154.223.900,00",Rp -,Rp -,Rp -,"Rp154.223.900,00",,
39,008 Pekanbaru,145 KEMENTERIAN PEKERJAAN UMUM,A14506,691285 PELAKSANAAN PRASARANA STRATEGIS RIAU,A/008.25001825/1/1,2025-11-28,2025-12-31,PT. ZHAFIRA TETAP JAYA,"Rp7.150.077.000,00","Rp7.150.077.000,00","Rp3.213.979.800,00",Rp -,Rp -,Rp -,"Rp3.213.979.800,00",,
40,008 Pekanbaru,145 KEMENTERIAN PEKERJAAN UMUM,A14504,693877 PELAKSANAAN JALAN NASIONAL WILAYAH I PROVINSI RIAU,A/008.25000537/0/1,2025-07-10,2025-12-31,PT. DIAN RESTU ANUGRAH,"Rp3.115.064.000,00","Rp3.115.064.000,00","Rp694.947.700,00","Rp694.947.700,00","-Rp85.459.785,00",Rp -,Rp -,,
41,008 Pekanbaru,145 KEMENTERIAN PEKERJAAN UMUM,A14503,694186 SNVT PELAKSANAAN JARINGAN PEMANFAATAN AIR SUMATERA III PROVINSI RIAU,A/008.25002092/0/0,2025-12-16,2025-12-30,CV. MITRA KULIM MANDIRI,"Rp196.160.000,00","Rp196.160.000,00","Rp196.160.000,00",Rp -,Rp -,Rp -,"Rp196.160.000,00",,
42,008 Pekanbaru,059 KEMENTERIAN KOMUNIKASI DAN DIGITAL,A05909,694700 BALAI MONITOR SPEKTRUM FREKUENSI RADIO KELAS I PEKANBARU,A/008.25002100/0/0,2025-12-22,2025-12-30,PT. TRIKOM FREKUENSI RADIO,"Rp133.750.000,00","Rp133.750.000,00","Rp133.750.000,00","Rp133.750.000,00","-Rp15.652.000,00",Rp -,Rp -,,100
43,008 Pekanbaru,145 KEMENTERIAN PEKERJAAN UMUM,A14503,694186 SNVT PELAKSANAAN JARINGAN PEMANFAATAN AIR SUMATERA III PROVINSI RIAU,A/008.25002107/0/0,2025-12-19,2025-12-28,T YUSRIL HARI BUDIMAN,"Rp99.000.000,00","Rp99.000.000,00","Rp99.000.000,00",Rp -,Rp -,Rp -,"Rp99.000.000,00",,
44,008 Pekanbaru,145 KEMENTERIAN PEKERJAAN UMUM,A14504,693878 PELAKSANAAN JALAN NASIONAL WILAYAH II PROVINSI RIAU,A/008.25001181/0/1,2025-10-28,2025-12-31,PT. RIAU SEPADAN,"Rp16.881.562.000,00","Rp16.881.562.000,00","Rp1.927.276.600,00","Rp1.927.276.600,00","-Rp237.002.933,00",Rp -,Rp -,,
45,008 Pekanbaru,145 KEMENTERIAN PEKERJAAN UMUM,A14503,694186 SNVT PELAKSANAAN JARINGAN PEMANFAATAN AIR SUMATERA III PROVINSI RIAU,A/008.25001298/0/0,2025-10-27,2025-12-15,ILHAM RAMAPALA,"Rp148.500.000,00","Rp148.500.000,00","Rp74.250.000,00",Rp -,Rp -,Rp -,"Rp74.250.000,00",,
46,008 Pekanbaru,145 KEMENTERIAN PEKERJAAN UMUM,A14503,694186 SNVT PELAKSANAAN JARINGAN PEMANFAATAN AIR SUMATERA III PROVINSI RIAU,A/008.25002098/0/0,2025-12-16,2025-12-30,CV. HAZARD PUTRA PERKASA,"Rp196.279.000,00","Rp196.279.000,00","Rp196.279.000,00",Rp -,Rp -,Rp -,"Rp196.279.000,00",,
47,008 Pekanbaru,145 KEMENTERIAN PEKERJAAN UMUM,A14503,694186 SNVT PELAKSANAAN JARINGAN PEMANFAATAN AIR SUMATERA III PROVINSI RIAU,A/008.25002020/0/0,2025-12-08,2025-12-15,CV. MUSTIKA,"Rp172.054.000,00","Rp172.054.000,00","Rp172.054.000,00","Rp172.054.000,00","-Rp22.283.450,00",Rp -,Rp -,,
48,008 Pekanbaru,145 KEMENTERIAN PEKERJAAN UMUM,A14504,693878 PELAKSANAAN JALAN NASIONAL WILAYAH II PROVINSI RIAU,A/008.25000266/0/5,2025-03-24,2025-12-31,PT. DONNY PUTRA MANDIRI,"Rp13.959.857.000,00","Rp13.959.857.000,00","Rp1.468.360.850,00",Rp -,Rp -,Rp -,"Rp1.468.360.850,00",,
49,008 Pekanbaru,145 KEMENTERIAN PEKERJAAN UMUM,A14503,694186 SNVT PELAKSANAAN JARINGAN PEMANFAATAN AIR SUMATERA III PROVINSI RIAU,A/008.25001281/0/0,2025-10-27,2025-12-15,DONAL,"Rp148.500.000,00","Rp148.500.000,00","Rp74.250.000,00",Rp -,Rp -,Rp -,"Rp74.250.000,00",,
50,008 Pekanbaru,145 KEMENTERIAN PEKERJAAN UMUM,A14503,694186 SNVT PELAKSANAAN JARINGAN PEMANFAATAN AIR SUMATERA III PROVINSI RIAU,A/008.25000309/0/3,2025-04-17,2025-12-31,PT. MANGGALAKARYA BANGUN SARANA,"Rp1.497.140.736,00","Rp1.497.140.736,00","Rp17.351.861,00","Rp17.351.861,00","-Rp2.266.685,00",Rp -,Rp -,,
51,008 Pekanbaru,145 KEMENTERIAN PEKERJAAN UMUM,A14503,694186 SNVT PELAKSANAAN JARINGAN PEMANFAATAN AIR SUMATERA III PROVINSI RIAU,A/008.25001030/0/0,2025-10-09,2025-12-07,WENDI ANDIKA,"Rp133.401.573,00","Rp133.401.573,00","Rp66.700.786,00","Rp66.700.786,00","-Rp4.869.170,00",Rp -,Rp -,,
52,092 Rengat,063 BADAN PENGAWAS OBAT DAN MAKANAN,A06301,690484 BALAI POM DI INDRAGIRI HULU,A/092.25000027/0/0,2025-01-02,2025-12-31,PT. PRIMA KARYA SARANA SEJAHTERA,"Rp136.047.336,00","Rp136.047.336,00","Rp11.337.278,00","Rp11.337.278,00","-Rp131.849,00",Rp -,Rp -,,
53,008 Pekanbaru,145 KEMENTERIAN PEKERJAAN UMUM,A14503,694186 SNVT PELAKSANAAN JARINGAN PEMANFAATAN AIR SUMATERA III PROVINSI RIAU,A/008.25001295/0/0,2025-10-27,2025-12-15,YURNALIS,"Rp148.500.000,00","Rp148.500.000,00","Rp74.250.000,00",Rp -,Rp -,Rp -,"Rp74.250.000,00",,
54,008 Pekanbaru,143 KEMENTERIAN KEHUTANAN,A14304,693618 BALAI TAMAN NASIONAL TESSO NILO,A/008.25000083/0/0,2025-01-02,2025-12-31,PT. TAMADDUN RIAU,"Rp190.742.292,00","Rp190.742.292,00","Rp15.895.191,00","Rp15.895.191,00","-Rp1.861.599,00",Rp -,Rp -,,
55,008 Pekanbaru,145 KEMENTERIAN PEKERJAAN UMUM,A14503,694186 SNVT PELAKSANAAN JARINGAN PEMANFAATAN AIR SUMATERA III PROVINSI RIAU,A/008.25001229/0/0,2025-10-27,2025-12-15,CV. KRAKATAU 31,"Rp172.936.000,00","Rp172.936.000,00","Rp172.936.000,00",Rp -,Rp -,Rp -,"Rp172.936.000,00",,
56,092 Rengat,054 BADAN PUSAT STATISTIK,A05401,636981 BADAN PUSAT STATISTIK KAB. KUANTAN SINGINGI,A/092.25000008/0/2,2024-12-30,2025-12-31,PT. SELASIH INDO RAYA,"Rp120.960.462,00","Rp120.960.462,00","Rp5.760.022,00","Rp5.760.022,00","-Rp674.597,00",Rp -,Rp -,,
57,008 Pekanbaru,139 KEMENTERIAN PENDIDIKAN TINGGI SAINS DAN TEKNOLOGI,A13903,693200 LEMBAGA LAYANAN PENDIDIKAN TINGGI WILAYAH XVII RIAU,A/008.25000090/0/0,2025-01-06,2025-12-31,PT. TRANSKLIN INDONESIA MANDIRI,"Rp681.816.000,00","Rp681.816.000,00","Rp56.818.000,00","Rp56.818.000,00","-Rp757.063,00",Rp -,Rp -,,
58,008 Pekanbaru,145 KEMENTERIAN PEKERJAAN UMUM,A14503,694186 SNVT PELAKSANAAN JARINGAN PEMANFAATAN AIR SUMATERA III PROVINSI RIAU,A/008.25001174/0/1,2025-10-27,2025-12-15,CV. PULIH KARYA AMARTA,"Rp157.222.000,00","Rp157.222.000,00","Rp157.222.000,00","Rp157.222.000,00","-Rp21.850.057,00",Rp -,Rp -,,
59,092 Rengat,056 KEMENTERIAN AGRARIA DAN TATA RUANG/BPN,A05601,637478 KANTOR PERTANAHAN KAB. KUANTAN SANGINGI,A/092.25000117/1/1,2025-09-10,2025-12-31,PT. HEXSA INDOTECH CONSULTANTS,"Rp2.650.987.140,00","Rp2.650.987.140,00","Rp604.923.240,00","Rp604.923.240,00",Rp -,Rp -,Rp -,,100
60,008 Pekanbaru,145 KEMENTERIAN PEKERJAAN UMUM,A14503,694186 SNVT PELAKSANAAN JARINGAN PEMANFAATAN AIR SUMATERA III PROVINSI RIAU,A/008.25002054/0/0,2025-12-15,2025-12-24,SAFRIZAL,"Rp99.000.000,00","Rp99.000.000,00","Rp99.000.000,00",Rp -,Rp -,Rp -,"Rp99.000.000,00",,
61,008 Pekanbaru,145 KEMENTERIAN PEKERJAAN UMUM,A14503,694186 SNVT PELAKSANAAN JARINGAN PEMANFAATAN AIR SUMATERA III PROVINSI RIAU,A/008.25002090/0/0,2025-12-16,2025-12-31,CV. PUTRI KACAMAYANG,"Rp196.110.000,00","Rp196.110.000,00","Rp196.110.000,00","Rp196.110.000,00","-Rp22.526.148,00",Rp -,Rp -,,
62,120 Dumai,139 KEMENTERIAN PENDIDIKAN TINGGI SAINS DAN TEKNOLOGI,A13903,693505 POLITEKNIK NEGERI BENGKALIS,A/120.25000171/0/0,2025-09-09,2025-11-17,PT. TRI KARSA,"Rp391.936.788,00","Rp391.936.788,00","Rp23.055.106,00","Rp23.055.106,00","-Rp3.334.447,00",Rp -,Rp -,,
63,008 Pekanbaru,145 KEMENTERIAN PEKERJAAN UMUM,A14503,694186 SNVT PELAKSANAAN JARINGAN PEMANFAATAN AIR SUMATERA III PROVINSI RIAU,A/008.25001287/0/0,2025-10-27,2025-12-15,SLAMET RIYADI,"Rp148.500.000,00","Rp148.500.000,00","Rp74.250.000,00","Rp74.250.000,00","-Rp4.232.250,00",Rp -,Rp -,,
64,008 Pekanbaru,145 KEMENTERIAN PEKERJAAN UMUM,A14503,694186 SNVT PELAKSANAAN JARINGAN PEMANFAATAN AIR SUMATERA III PROVINSI RIAU,A/008.25002048/0/0,2025-12-16,2025-12-30,NAZERI SOLEH,"Rp99.000.000,00","Rp99.000.000,00","Rp99.000.000,00","Rp99.000.000,00","-Rp2.574.000,00",Rp -,Rp -,,
65,008 Pekanbaru,022 KEMENTERIAN PERHUBUNGAN,A02203,403844 BALAI PENGELOLA TRANSPORTASI DARAT RIAU,A/008.25001177/0/0,2025-10-22,2025-12-30,PT. ALAM HIJAU KONSULTAN,"Rp98.568.000,00","Rp98.568.000,00","Rp98.568.000,00","Rp98.568.000,00","-Rp12.813.840,00",Rp -,Rp -,,
66,008 Pekanbaru,145 KEMENTERIAN PEKERJAAN UMUM,A14503,694186 SNVT PELAKSANAAN JARINGAN PEMANFAATAN AIR SUMATERA III PROVINSI RIAU,A/008.25001272/0/0,2025-10-27,2025-12-15,MAHFRU DHONI,"Rp148.500.000,00","Rp148.500.000,00","Rp74.250.000,00",Rp -,Rp -,Rp -,"Rp74.250.000,00",,
67,008 Pekanbaru,145 KEMENTERIAN PEKERJAAN UMUM,A14503,694186 SNVT PELAKSANAAN JARINGAN PEMANFAATAN AIR SUMATERA III PROVINSI RIAU,A/008.25002051/0/0,2025-12-15,2025-12-24,AMIRUDDIN,"Rp99.000.000,00","Rp99.000.000,00","Rp99.000.000,00",Rp -,Rp -,Rp -,"Rp99.000.000,00",,
68,008 Pekanbaru,145 KEMENTERIAN PEKERJAAN UMUM,A14503,694186 SNVT PELAKSANAAN JARINGAN PEMANFAATAN AIR SUMATERA III PROVINSI RIAU,A/008.25002044/0/0,2025-12-16,2025-12-30,SUMA DIARTO,"Rp99.000.000,00","Rp99.000.000,00","Rp99.000.000,00","Rp99.000.000,00","-Rp2.574.000,00",Rp -,Rp -,,
69,008 Pekanbaru,145 KEMENTERIAN PEKERJAAN UMUM,A14503,694186 SNVT PELAKSANAAN JARINGAN PEMANFAATAN AIR SUMATERA III PROVINSI RIAU,A/008.25002019/0/0,2025-12-08,2025-12-15,CV. MUSTIKA,"Rp171.902.000,00","Rp171.902.000,00","Rp171.902.000,00","Rp171.902.000,00","-Rp22.281.333,00",Rp -,Rp -,,
70,008 Pekanbaru,145 KEMENTERIAN PEKERJAAN UMUM,A14504,693877 PELAKSANAAN JALAN NASIONAL WILAYAH I PROVINSI RIAU,A/008.25001098/0/1,2025-10-20,2025-12-31,PT. PRIMA MARINDO NUSANTARA,"Rp24.500.723.000,00","Rp24.500.723.000,00","Rp3.822.484.151,00","Rp3.822.484.151,00","-Rp470.062.240,00",Rp -,Rp -,,
71,008 Pekanbaru,145 KEMENTERIAN PEKERJAAN UMUM,A14503,694186 SNVT PELAKSANAAN JARINGAN PEMANFAATAN AIR SUMATERA III PROVINSI RIAU,A/008.25001028/0/0,2025-10-09,2025-12-07,ROMA DONA,"Rp133.401.573,00","Rp133.401.573,00","Rp66.700.786,00","Rp66.700.786,00","-Rp4.869.170,00",Rp -,Rp -,,
72,008 Pekanbaru,145 KEMENTERIAN PEKERJAAN UMUM,A14503,694186 SNVT PELAKSANAAN JARINGAN PEMANFAATAN AIR SUMATERA III PROVINSI RIAU,A/008.25001984/0/0,2025-12-12,2025-12-21,AGUSTIANANDA,"Rp99.000.000,00","Rp99.000.000,00","Rp99.000.000,00",Rp -,Rp -,Rp -,"Rp99.000.000,00",,
73,008 Pekanbaru,145 KEMENTERIAN PEKERJAAN UMUM,A14503,694186 SNVT PELAKSANAAN JARINGAN PEMANFAATAN AIR SUMATERA III PROVINSI RIAU,A/008.25001328/0/0,2025-10-27,2025-12-15,ENDANG ROSMEDI,"Rp148.500.000,00","Rp148.500.000,00","Rp74.250.000,00",Rp -,Rp -,Rp -,"Rp74.250.000,00",,
74,008 Pekanbaru,127 BADAN KARANTINA INDONESIA,A12701,690873 BALAI KARANTINA HEWAN IKAN DAN TUMBUHAN RIAU,A/008.25001736/0/0,2025-12-01,2025-12-31,RETTA REGINA OLIVIA SIMARMATA,"Rp2.900.000,00","Rp2.900.000,00","Rp2.900.000,00","Rp2.900.000,00","-Rp14.500,00",Rp -,Rp -,,
75,008 Pekanbaru,145 KEMENTERIAN PEKERJAAN UMUM,A14503,694186 SNVT PELAKSANAAN JARINGAN PEMANFAATAN AIR SUMATERA III PROVINSI RIAU,A/008.25000317/0/5,2025-04-22,2025-12-31,PT. KARTIKA TEGUH KARYA,"Rp17.115.401.804,00","Rp17.115.401.804,00","Rp2.567.310.269,00",Rp -,Rp -,Rp -,"Rp2.567.310.269,00",19-Feb-26,
76,008 Pekanbaru,116 LEMBAGA PENYIARAN PUBLIK RADIO REPUBLIK INDONESIA,A11601,700149 RRI PEKANBARU,A/008.25000039/0/0,2024-12-31,2025-12-31,PT. ERHA ABADI,"Rp210.092.976,00","Rp210.092.976,00","Rp17.507.748,00","Rp17.507.748,00","-Rp2.050.456,00",Rp -,Rp -,,
77,008 Pekanbaru,145 KEMENTERIAN PEKERJAAN UMUM,A14504,693878 PELAKSANAAN JALAN NASIONAL WILAYAH II PROVINSI RIAU,A/008.25000325/0/5,2025-04-28,2025-12-31,PT. NAGAMAS MITRA USAHA,"Rp15.521.499.000,00","Rp15.521.499.000,00","Rp1.055.052.900,00",Rp -,Rp -,Rp -,"Rp1.055.052.900,00",,
78,008 Pekanbaru,145 KEMENTERIAN PEKERJAAN UMUM,A14503,694186 SNVT PELAKSANAAN JARINGAN PEMANFAATAN AIR SUMATERA III PROVINSI RIAU,A/008.25001310/0/0,2025-10-27,2025-12-15,ARICHI,"Rp148.500.000,00","Rp148.500.000,00","Rp74.250.000,00",Rp -,Rp -,Rp -,"Rp74.250.000,00",,
79,008 Pekanbaru,145 KEMENTERIAN PEKERJAAN UMUM,A14503,694186 SNVT PELAKSANAAN JARINGAN PEMANFAATAN AIR SUMATERA III PROVINSI RIAU,A/008.25001158/0/0,2025-10-27,2025-12-15,CV. ASA WINATA,"Rp173.150.000,00","Rp173.150.000,00","Rp173.150.000,00","Rp173.150.000,00","-Rp24.063.770,00",Rp -,Rp -,,
80,008 Pekanbaru,137 KEMENTERIAN IMIGRASI DAN PEMASYARAKATAN,A13704,692310 RUTAN KELAS II B SIAK SRI INDRAPURA,A/008.25000008/0/2,2024-12-30,2025-12-31,SKYCHA WENTIRA CONSTRUCTION.CV,"Rp5.645.003.676,00","Rp5.645.003.676,00","Rp248.586.515,00","Rp214.264.933,00","-Rp9.478.271,00","Rp34.321.582,00",Rp -,,100
81,008 Pekanbaru,025 KEMENTERIAN AGAMA,A02504,424157 UIN SULTHAN SYARIF KASIM RIAU,A/008.25000059/0/0,2024-12-31,2025-12-31,PT. INDOSAT TBK,"Rp2.235.000.000,00","Rp2.235.000.000,00","Rp186.250.000,00","Rp186.250.000,00","-Rp21.813.063,00",Rp -,Rp -,,
82,008 Pekanbaru,145 KEMENTERIAN PEKERJAAN UMUM,A14504,693841 PERENCANAAN DAN PENGAWASAN JALAN NASIONAL PROVINSI RIAU,A/008.25001000/0/3,2025-10-07,2025-12-31,PT. TRANSIMA CITRA INDO CONSULTANT- PT.JAKARTA RENCANA SELARAS- CV.ARYA TECHNO CONSULTANT,"Rp657.570.000,00","Rp657.570.000,00","Rp262.502.222,00","Rp262.502.222,00","-Rp34.290.831,00",Rp -,Rp -,,
83,008 Pekanbaru,145 KEMENTERIAN PEKERJAAN UMUM,A14503,694186 SNVT PELAKSANAAN JARINGAN PEMANFAATAN AIR SUMATERA III PROVINSI RIAU,A/008.25002088/0/0,2025-12-19,2025-12-25,NAZERI SOLEH,"Rp99.000.000,00","Rp99.000.000,00","Rp99.000.000,00","Rp99.000.000,00","-Rp3.069.000,00",Rp -,Rp -,,
84,092 Rengat,056 KEMENTERIAN AGRARIA DAN TATA RUANG/BPN,A05601,637478 KANTOR PERTANAHAN KAB. KUANTAN SANGINGI,A/092.25000116/1/1,2025-09-10,2025-12-31,PT. GEOSURVEY SWASTI SARANA,"Rp3.929.130.000,00","Rp3.929.130.000,00","Rp896.580.000,00","Rp896.580.000,00",Rp -,Rp -,Rp -,,100
85,008 Pekanbaru,145 KEMENTERIAN PEKERJAAN UMUM,A14503,694186 SNVT PELAKSANAAN JARINGAN PEMANFAATAN AIR SUMATERA III PROVINSI RIAU,A/008.25001285/0/0,2025-10-27,2025-12-15,INDRA SETIYAWAN,"Rp148.500.000,00","Rp148.500.000,00","Rp74.250.000,00","Rp74.250.000,00","-Rp4.232.250,00",Rp -,Rp -,,
86,008 Pekanbaru,145 KEMENTERIAN PEKERJAAN UMUM,A14503,694186 SNVT PELAKSANAAN JARINGAN PEMANFAATAN AIR SUMATERA III PROVINSI RIAU,A/008.25001988/0/0,2025-12-12,2025-12-21,BONI FANDOKO,"Rp99.000.000,00","Rp99.000.000,00","Rp99.000.000,00",Rp -,Rp -,Rp -,"Rp99.000.000,00",,
87,008 Pekanbaru,146 KEMENTERIAN PERUMAHAN DAN KAWASAN PERMUKIMAN,A14603,691439 PERUMAHAN DAN KAWASAN PERMUKIMAN PROVINSI RIAU,A/008.25000965/0/2,2025-10-03,2025-12-31,CV. ZATAMA CIPTA MANDIRI,"Rp7.110.900.000,00","Rp7.110.900.000,00","Rp1.808.496.583,00",Rp -,Rp -,Rp -,"Rp1.808.496.583,00",19-Feb-26,
88,008 Pekanbaru,145 KEMENTERIAN PEKERJAAN UMUM,A14503,694186 SNVT PELAKSANAAN JARINGAN PEMANFAATAN AIR SUMATERA III PROVINSI RIAU,A/008.25001350/0/0,2025-10-27,2025-12-15,PITRAWIR ARMADANI,"Rp148.500.000,00","Rp148.500.000,00","Rp74.250.000,00",Rp -,Rp -,Rp -,"Rp74.250.000,00",,
89,008 Pekanbaru,145 KEMENTERIAN PEKERJAAN UMUM,A14503,694186 SNVT PELAKSANAAN JARINGAN PEMANFAATAN AIR SUMATERA III PROVINSI RIAU,A/008.25001309/0/0,2025-10-27,2025-12-15,RIFNAL,"Rp148.500.000,00","Rp148.500.000,00","Rp74.250.000,00",Rp -,Rp -,Rp -,"Rp74.250.000,00",,
90,008 Pekanbaru,018 KEMENTERIAN PERTANIAN,A01813,691329 DINAS PANGAN TANAMAN PANGAN DAN HORTIKULTURA PROVINSI RIAU,A/008.25001969/0/0,2025-12-10,2025-12-31,UNIVERSITAS RIAU,"Rp624.000.000,00","Rp624.000.000,00","Rp187.200.000,00",Rp -,Rp -,Rp -,"Rp187.200.000,00",,
91,008 Pekanbaru,145 KEMENTERIAN PEKERJAAN UMUM,A14506,691285 PELAKSANAAN PRASARANA STRATEGIS RIAU,A/008.25000474/0/0,2025-06-11,2025-12-31,PT. TAMADDUN RIAU,"Rp33.215.000,00","Rp33.215.000,00","Rp4.745.000,00","Rp4.745.000,00","-Rp60.940,00",Rp -,Rp -,,
92,008 Pekanbaru,145 KEMENTERIAN PEKERJAAN UMUM,A14503,694186 SNVT PELAKSANAAN JARINGAN PEMANFAATAN AIR SUMATERA III PROVINSI RIAU,A/008.25001294/0/0,2025-10-27,2025-12-15,FAISYAL BACHRI,"Rp148.500.000,00","Rp148.500.000,00","Rp74.250.000,00",Rp -,Rp -,Rp -,"Rp74.250.000,00",,
93,008 Pekanbaru,145 KEMENTERIAN PEKERJAAN UMUM,A14503,694186 SNVT PELAKSANAAN JARINGAN PEMANFAATAN AIR SUMATERA III PROVINSI RIAU,A/008.25002055/0/0,2025-12-15,2025-12-24,ISRUEL SYAH UTAMA,"Rp99.000.000,00","Rp99.000.000,00","Rp99.000.000,00",Rp -,Rp -,Rp -,"Rp99.000.000,00",,
94,008 Pekanbaru,145 KEMENTERIAN PEKERJAAN UMUM,A14503,694186 SNVT PELAKSANAAN JARINGAN PEMANFAATAN AIR SUMATERA III PROVINSI RIAU,A/008.25000718/0/2,2025-09-02,2025-12-30,PT. AGRINAS PALMA NUSANTARA (PERSERO),"Rp567.589.842,00","Rp567.589.842,00","Rp40.979.987,00","Rp40.979.987,00","-Rp5.353.242,00",Rp -,Rp -,,
95,008 Pekanbaru,145 KEMENTERIAN PEKERJAAN UMUM,A14504,693877 PELAKSANAAN JALAN NASIONAL WILAYAH I PROVINSI RIAU,A/008.25000253/0/4,2025-03-18,2025-12-31,PT. LUTVINDO WIJAYA PERKASA,"Rp9.371.966.000,00","Rp9.371.966.000,00","Rp574.639.480,00","Rp574.639.480,00","-Rp70.665.125,00",Rp -,Rp -,,
96,008 Pekanbaru,145 KEMENTERIAN PEKERJAAN UMUM,A14504,693806 BALAI PELAKSANAAN JALAN NASIONAL RIAU,A/008.25000231/1/2,2024-12-19,2025-12-31,PT. SURYA MARZQ KONSULTINDO KSO PT. SEECONS,"Rp1.719.171.274,00","Rp1.719.171.274,00","Rp57.562.491,00","Rp57.562.491,00","-Rp7.519.425,00",Rp -,Rp -,,
97,008 Pekanbaru,137 KEMENTERIAN IMIGRASI DAN PEMASYARAKATAN,A13704,692537 LAPAS PEREMPUAN KELAS II A PEKANBARU,A/008.25000068/0/4,2024-12-31,2025-12-31,CV. ROSADIA PETAHO,"Rp4.393.907.000,00","Rp4.393.907.000,00","Rp481.901.466,00","Rp473.883.259,00","-Rp24.892.010,00","Rp8.018.207,00",Rp -,,
98,120 Dumai,137 KEMENTERIAN IMIGRASI DAN PEMASYARAKATAN,A13704,692311 LAPAS KELAS II A BAGAN SIAPI-API,A/120.25000022/0/12,2025-01-01,2025-12-31,CV. ROSADIA PETAHO,"Rp9.920.259.109,00","Rp9.920.259.109,00","Rp1.290.856.909,00","Rp1.077.932.351,00","-Rp54.468.074,00","Rp212.924.558,00",Rp -,,
99,008 Pekanbaru,145 KEMENTERIAN PEKERJAAN UMUM,A14503,694186 SNVT PELAKSANAAN JARINGAN PEMANFAATAN AIR SUMATERA III PROVINSI RIAU,A/008.25001291/0/0,2025-10-27,2025-12-15,NGATIMIN SETYO BUDI,"Rp148.500.000,00","Rp148.500.000,00","Rp74.250.000,00","Rp74.250.000,00","-Rp4.232.250,00",Rp -,Rp -,,
100,008 Pekanbaru,145 KEMENTERIAN PEKERJAAN UMUM,A14503,694186 SNVT PELAKSANAAN JARINGAN PEMANFAATAN AIR SUMATERA III PROVINSI RIAU,A/008.25001286/0/0,2025-10-27,2025-12-15,SISWOYO,"Rp148.500.000,00","Rp148.500.000,00","Rp74.250.000,00","Rp74.250.000,00","-Rp4.232.250,00",Rp -,Rp -,,
101,008 Pekanbaru,145 KEMENTERIAN PEKERJAAN UMUM,A14503,694186 SNVT PELAKSANAAN JARINGAN PEMANFAATAN AIR SUMATERA III PROVINSI RIAU,A/008.25001983/0/0,2025-12-12,2025-12-21,ARIF ARIFIN,"Rp99.000.000,00","Rp99.000.000,00","Rp99.000.000,00",Rp -,Rp -,Rp -,"Rp99.000.000,00",,
102,092 Rengat,056 KEMENTERIAN AGRARIA DAN TATA RUANG/BPN,A05601,637478 KANTOR PERTANAHAN KAB. KUANTAN SANGINGI,A/092.25000118/1/1,2025-09-10,2025-12-31,PT. HEXSA INDOTECH CONSULTANTS,"Rp1.325.493.570,00","Rp1.325.493.570,00","Rp302.461.620,00","Rp302.461.620,00",Rp -,Rp -,Rp -,,100
103,120 Dumai,139 KEMENTERIAN PENDIDIKAN TINGGI SAINS DAN TEKNOLOGI,A13903,693505 POLITEKNIK NEGERI BENGKALIS,A/120.25000307/0/0,2025-12-16,2025-12-30,CV. ARHARA,"Rp198.682.230,00","Rp198.682.230,00","Rp198.682.230,00","Rp198.682.230,00","-Rp22.374.125,00",Rp -,Rp -,,
104,008 Pekanbaru,145 KEMENTERIAN PEKERJAAN UMUM,A14503,694186 SNVT PELAKSANAAN JARINGAN PEMANFAATAN AIR SUMATERA III PROVINSI RIAU,A/008.25001027/0/0,2025-10-09,2025-12-07,ARISTIONO,"Rp133.401.573,00","Rp133.401.573,00","Rp66.700.786,00","Rp66.700.786,00","-Rp4.869.170,00",Rp -,Rp -,,
105,008 Pekanbaru,137 KEMENTERIAN IMIGRASI DAN PEMASYARAKATAN,A13704,692519 LEMBAGA PEMBINAAN KHUSUS ANAK KELAS II PEKANBARU,A/008.25000010/0/2,2024-12-27,2025-12-31,CV. BIAS SINAR,"Rp873.786.475,00","Rp873.786.475,00","Rp41.881.514,00","Rp40.824.046,00","-Rp2.239.114,00","Rp1.057.468,00",Rp -,,100
106,092 Rengat,056 KEMENTERIAN AGRARIA DAN TATA RUANG/BPN,A05601,637478 KANTOR PERTANAHAN KAB. KUANTAN SANGINGI,A/092.25000114/1/3,2025-09-10,2025-12-31,PT. GLOBAL PROFEX SYNERGY,"Rp2.089.837.500,00","Rp2.089.837.500,00","Rp926.797.500,00","Rp926.797.500,00",Rp -,Rp -,Rp -,,100
107,008 Pekanbaru,137 KEMENTERIAN IMIGRASI DAN PEMASYARAKATAN,A13704,692317 LAPAS KELAS II B PASIR PANGARAYAN,A/008.25000016/0/6,2024-12-31,2025-12-31,CV. BOSGAL INDAH BERKARYA,"Rp11.013.771.000,00","Rp11.013.771.000,00","Rp840.355.798,00","Rp835.577.415,00","-Rp42.339.367,00","Rp4.778.383,00",Rp -,,
108,008 Pekanbaru,145 KEMENTERIAN PEKERJAAN UMUM,A14504,693878 PELAKSANAAN JALAN NASIONAL WILAYAH II PROVINSI RIAU,A/008.25001087/0/1,2025-10-08,2025-12-31,PT. PT. NAGAMAS MITRA USAHA,"Rp3.534.982.000,00","Rp3.534.982.000,00","Rp694.470.500,00",Rp -,Rp -,Rp -,"Rp694.470.500,00",,
109,008 Pekanbaru,145 KEMENTERIAN PEKERJAAN UMUM,A14506,691285 PELAKSANAAN PRASARANA STRATEGIS RIAU,A/008.25000475/0/0,2025-06-10,2025-12-31,PT. TAMADDUN RIAU,"Rp32.928.000,00","Rp32.928.000,00","Rp4.704.000,00","Rp4.704.000,00","-Rp56.870,00",Rp -,Rp -,,
110,008 Pekanbaru,145 KEMENTERIAN PEKERJAAN UMUM,A14503,694186 SNVT PELAKSANAAN JARINGAN PEMANFAATAN AIR SUMATERA III PROVINSI RIAU,A/008.25001270/0/0,2025-10-27,2025-12-15,INDRA JUNAIDI,"Rp148.500.000,00","Rp148.500.000,00","Rp74.250.000,00",Rp -,Rp -,Rp -,"Rp74.250.000,00",,
111,120 Dumai,137 KEMENTERIAN IMIGRASI DAN PEMASYARAKATAN,A13704,692484 RUTAN KELAS II B DUMAI,A/120.25000006/0/12,2024-12-27,2025-12-31,CV. HASIL BUMI,"Rp8.582.571.632,00","Rp8.582.571.632,00","Rp644.546.861,00","Rp644.461.444,00","-Rp28.848.045,00","Rp85.417,00",Rp -,,
112,008 Pekanbaru,145 KEMENTERIAN PEKERJAAN UMUM,A14503,694186 SNVT PELAKSANAAN JARINGAN PEMANFAATAN AIR SUMATERA III PROVINSI RIAU,A/008.25002039/0/0,2025-12-16,2025-12-30,SYAIFUL ANWAR,"Rp99.000.000,00","Rp99.000.000,00","Rp99.000.000,00","Rp99.000.000,00","-Rp2.574.000,00",Rp -,Rp -,,
113,008 Pekanbaru,145 KEMENTERIAN PEKERJAAN UMUM,A14504,693841 PERENCANAAN DAN PENGAWASAN JALAN NASIONAL PROVINSI RIAU,A/008.25000293/0/2,2025-04-17,2025-12-31,PT. DIANTAMA REKANUSA (KSO) PT. CIPTA STRADA,"Rp1.911.895.000,00","Rp1.911.895.000,00","Rp173.235.400,00","Rp173.235.400,00","-Rp22.629.849,00",Rp -,Rp -,,
114,008 Pekanbaru,145 KEMENTERIAN PEKERJAAN UMUM,A14503,694186 SNVT PELAKSANAAN JARINGAN PEMANFAATAN AIR SUMATERA III PROVINSI RIAU,A/008.25001979/0/0,2025-12-12,2025-12-21,KHAIRUL AMRI,"Rp99.000.000,00","Rp99.000.000,00","Rp99.000.000,00",Rp -,Rp -,Rp -,"Rp99.000.000,00",,
115,008 Pekanbaru,145 KEMENTERIAN PEKERJAAN UMUM,A14504,693878 PELAKSANAAN JALAN NASIONAL WILAYAH II PROVINSI RIAU,A/008.25000256/0/6,2025-03-18,2025-12-31,CV. PILIANG ISTIQOMAH MANDIRI,"Rp7.380.029.000,00","Rp7.380.029.000,00","Rp383.592.500,00","Rp383.592.500,00","-Rp44.061.301,00",Rp -,Rp -,,
116,120 Dumai,025 KEMENTERIAN AGAMA,A02504,090261 STAIN BENGKALIS,A/120.25000283/0/0,2025-12-02,2025-12-26,CV. AIRANESIA,"Rp377.637.378,00","Rp377.637.378,00","Rp377.637.378,00","Rp377.637.378,00","-Rp43.377.266,00",Rp -,Rp -,,
117,008 Pekanbaru,145 KEMENTERIAN PEKERJAAN UMUM,A14503,694186 SNVT PELAKSANAAN JARINGAN PEMANFAATAN AIR SUMATERA III PROVINSI RIAU,A/008.25002046/0/0,2025-12-16,2025-12-30,TULUS WIBOWO,"Rp99.000.000,00","Rp99.000.000,00","Rp99.000.000,00","Rp99.000.000,00","-Rp2.574.000,00",Rp -,Rp -,,
118,008 Pekanbaru,145 KEMENTERIAN PEKERJAAN UMUM,A14503,694186 SNVT PELAKSANAAN JARINGAN PEMANFAATAN AIR SUMATERA III PROVINSI RIAU,A/008.25001035/0/0,2025-10-09,2025-12-07,SUDIRMAN,"Rp133.401.573,00","Rp133.401.573,00","Rp66.700.786,00","Rp66.700.786,00","-Rp4.869.170,00",Rp -,Rp -,,
119,008 Pekanbaru,145 KEMENTERIAN PEKERJAAN UMUM,A14503,694186 SNVT PELAKSANAAN JARINGAN PEMANFAATAN AIR SUMATERA III PROVINSI RIAU,A/008.25002043/0/0,2025-12-16,2025-12-30,BENNY,"Rp99.000.000,00","Rp99.000.000,00","Rp99.000.000,00","Rp99.000.000,00","-Rp2.574.000,00",Rp -,Rp -,,
120,008 Pekanbaru,145 KEMENTERIAN PEKERJAAN UMUM,A14503,694186 SNVT PELAKSANAAN JARINGAN PEMANFAATAN AIR SUMATERA III PROVINSI RIAU,A/008.25001981/0/0,2025-12-12,2025-12-21,AMIR FAISAL PUA SURABAYA,"Rp99.000.000,00","Rp99.000.000,00","Rp99.000.000,00",Rp -,Rp -,Rp -,"Rp99.000.000,00",,
121,008 Pekanbaru,145 KEMENTERIAN PEKERJAAN UMUM,A14504,693878 PELAKSANAAN JALAN NASIONAL WILAYAH II PROVINSI RIAU,A/008.25001088/0/2,2025-10-07,2025-12-31,CV. PANCA KARYA ABADI,"Rp2.928.605.000,00","Rp2.928.605.000,00","Rp641.474.100,00",Rp -,Rp -,Rp -,"Rp641.474.100,00",,
122,120 Dumai,056 KEMENTERIAN AGRARIA DAN TATA RUANG/BPN,A05601,430994 KANTOR PERTANAHAN KAB. BENGKALIS,A/120.25000306/0/1,2025-12-15,2025-12-31,PT E-LM HAURATA SOLUSINDO,"Rp146.250.000,00","Rp146.250.000,00","Rp146.250.000,00","Rp91.186.200,00","-Rp10.679.465,00","Rp55.063.800,00",Rp -,,100
123,120 Dumai,137 KEMENTERIAN IMIGRASI DAN PEMASYARAKATAN,A13704,692315 LAPAS KELAS II B SELAT PANJANG,A/120.25000007/0/14,2024-12-31,2025-12-31,CV. KIRANA REFORMASI,"Rp3.589.053.429,00","Rp3.589.053.429,00","Rp128.704.773,00","Rp127.871.936,00","-Rp6.406.489,00","Rp832.837,00",Rp -,,
124,120 Dumai,056 KEMENTERIAN AGRARIA DAN TATA RUANG/BPN,A05601,430994 KANTOR PERTANAHAN KAB. BENGKALIS,A/120.25000294/0/1,2025-12-08,2025-12-29,PT. GEO BIM INDONESIA,"Rp979.482.648,00","Rp979.482.648,00","Rp979.482.648,00","Rp979.482.648,00","-Rp114.714.184,00",Rp -,Rp -,,100
125,008 Pekanbaru,145 KEMENTERIAN PEKERJAAN UMUM,A14503,694186 SNVT PELAKSANAAN JARINGAN PEMANFAATAN AIR SUMATERA III PROVINSI RIAU,A/008.25001026/0/0,2025-10-09,2025-12-07,MASLAN,"Rp133.401.573,00","Rp133.401.573,00","Rp66.700.786,00","Rp66.700.786,00","-Rp4.869.170,00",Rp -,Rp -,,
126,008 Pekanbaru,137 KEMENTERIAN IMIGRASI DAN PEMASYARAKATAN,A13704,692639 LAPAS NARKOTIKA KELAS II B RUMBAI,A/008.25000047/0/6,2024-12-27,2025-12-31,CV. EDELWEIS JAYA ANUGRAH,"Rp12.964.230.870,00","Rp12.964.230.870,00","Rp1.410.306.660,00","Rp1.275.105.806,00","-Rp65.403.282,00","Rp135.200.854,00",Rp -,,
127,008 Pekanbaru,145 KEMENTERIAN PEKERJAAN UMUM,A14503,694186 SNVT PELAKSANAAN JARINGAN PEMANFAATAN AIR SUMATERA III PROVINSI RIAU,A/008.25001299/0/0,2025-10-27,2025-12-15,SAMSURI,"Rp148.500.000,00","Rp148.500.000,00","Rp74.250.000,00",Rp -,Rp -,Rp -,"Rp74.250.000,00",,
128,008 Pekanbaru,145 KEMENTERIAN PEKERJAAN UMUM,A14503,694186 SNVT PELAKSANAAN JARINGAN PEMANFAATAN AIR SUMATERA III PROVINSI RIAU,A/008.25001296/0/0,2025-10-27,2025-12-15,SYAFRIZAL ADHITYA PRATAMA,"Rp148.500.000,00","Rp148.500.000,00","Rp74.250.000,00",Rp -,Rp -,Rp -,"Rp74.250.000,00",,
129,008 Pekanbaru,145 KEMENTERIAN PEKERJAAN UMUM,A14503,694186 SNVT PELAKSANAAN JARINGAN PEMANFAATAN AIR SUMATERA III PROVINSI RIAU,A/008.25001230/0/0,2025-10-27,2025-12-15,CV. KRAKATAU 31,"Rp172.905.000,00","Rp172.905.000,00","Rp172.905.000,00",Rp -,Rp -,Rp -,"Rp172.905.000,00",,
130,008 Pekanbaru,145 KEMENTERIAN PEKERJAAN UMUM,A14503,694186 SNVT PELAKSANAAN JARINGAN PEMANFAATAN AIR SUMATERA III PROVINSI RIAU,A/008.25001313/0/0,2025-10-27,2025-12-15,MUHAMMAD ALDI IRAWAN,"Rp148.500.000,00","Rp148.500.000,00","Rp74.250.000,00",Rp -,Rp -,Rp -,"Rp74.250.000,00",,
131,008 Pekanbaru,145 KEMENTERIAN PEKERJAAN UMUM,A14503,694186 SNVT PELAKSANAAN JARINGAN PEMANFAATAN AIR SUMATERA III PROVINSI RIAU,A/008.25001293/0/0,2025-10-27,2025-12-15,TAMSIR,"Rp148.500.000,00","Rp148.500.000,00","Rp74.250.000,00",Rp -,Rp -,Rp -,"Rp74.250.000,00",,
132,008 Pekanbaru,137 KEMENTERIAN IMIGRASI DAN PEMASYARAKATAN,A13704,692639 LAPAS NARKOTIKA KELAS II B RUMBAI,A/008.25000437/0/2,2025-05-28,2025-12-31,PT. ASTADIPATI DUTA HARINDO,"Rp183.234.582,00","Rp183.234.582,00","Rp154.301.841,00","Rp154.301.841,00","-Rp20.156.547,00",Rp -,Rp -,,
133,120 Dumai,025 KEMENTERIAN AGAMA,A02504,090261 STAIN BENGKALIS,A/120.25000244/0/0,2025-11-14,2025-11-23,CV. ARTDECO KRYA CIPTA,"Rp37.717.000,00","Rp37.717.000,00","Rp7.543.400,00","Rp7.543.400,00","-Rp985.399,00",Rp -,Rp -,,
134,008 Pekanbaru,145 KEMENTERIAN PEKERJAAN UMUM,A14503,694186 SNVT PELAKSANAAN JARINGAN PEMANFAATAN AIR SUMATERA III PROVINSI RIAU,A/008.25002040/0/0,2025-12-16,2025-12-30,RIZKY,"Rp99.000.000,00","Rp99.000.000,00","Rp99.000.000,00","Rp99.000.000,00","-Rp2.574.000,00",Rp -,Rp -,,
135,008 Pekanbaru,145 KEMENTERIAN PEKERJAAN UMUM,A14503,694186 SNVT PELAKSANAAN JARINGAN PEMANFAATAN AIR SUMATERA III PROVINSI RIAU,A/008.25001282/0/0,2025-10-27,2025-12-15,NURUL SALAM,"Rp148.500.000,00","Rp148.500.000,00","Rp74.250.000,00",Rp -,Rp -,Rp -,"Rp74.250.000,00",,
136,008 Pekanbaru,145 KEMENTERIAN PEKERJAAN UMUM,A14503,694186 SNVT PELAKSANAAN JARINGAN PEMANFAATAN AIR SUMATERA III PROVINSI RIAU,A/008.25002018/0/0,2025-12-08,2025-12-15,CV. FAWWAZ ANUGRAH,"Rp171.736.000,00","Rp171.736.000,00","Rp171.736.000,00","Rp171.736.000,00","-Rp22.259.640,00",Rp -,Rp -,,
137,008 Pekanbaru,145 KEMENTERIAN PEKERJAAN UMUM,A14503,694186 SNVT PELAKSANAAN JARINGAN PEMANFAATAN AIR SUMATERA III PROVINSI RIAU,A/008.25001053/0/1,2025-10-16,2025-12-04,CV. FATIH BAHARI ENGINEERING,"Rp146.071.000,00","Rp146.071.000,00","Rp146.071.000,00","Rp146.071.000,00","-Rp21.906.786,00",Rp -,Rp -,,
138,008 Pekanbaru,145 KEMENTERIAN PEKERJAAN UMUM,A14503,694186 SNVT PELAKSANAAN JARINGAN PEMANFAATAN AIR SUMATERA III PROVINSI RIAU,A/008.25001976/0/0,2025-12-12,2025-12-21,MUHAMMAD ISRA',"Rp99.000.000,00","Rp99.000.000,00","Rp99.000.000,00","Rp99.000.000,00","-Rp3.465.000,00",Rp -,Rp -,,
139,120 Dumai,139 KEMENTERIAN PENDIDIKAN TINGGI SAINS DAN TEKNOLOGI,A13903,693505 POLITEKNIK NEGERI BENGKALIS,A/120.25000065/0/2,2025-02-13,2025-12-31,PT. PRAJA PUTRA WANGSA,"Rp52.547.000,00","Rp52.547.000,00","Rp9.575.000,00","Rp9.575.000,00","-Rp1.121.397,00",Rp -,Rp -,,
140,008 Pekanbaru,145 KEMENTERIAN PEKERJAAN UMUM,A14503,694186 SNVT PELAKSANAAN JARINGAN PEMANFAATAN AIR SUMATERA III PROVINSI RIAU,A/008.25001279/0/0,2025-10-27,2025-12-15,SYEF AL KAMAL,"Rp148.500.000,00","Rp148.500.000,00","Rp74.250.000,00","Rp74.250.000,00","-Rp4.232.250,00",Rp -,Rp -,,
141,008 Pekanbaru,145 KEMENTERIAN PEKERJAAN UMUM,A14503,694186 SNVT PELAKSANAAN JARINGAN PEMANFAATAN AIR SUMATERA III PROVINSI RIAU,A/008.25001978/0/0,2025-12-12,2025-12-21,OBER HASIBUAN,"Rp99.000.000,00","Rp99.000.000,00","Rp99.000.000,00",Rp -,Rp -,Rp -,"Rp99.000.000,00",,
142,008 Pekanbaru,145 KEMENTERIAN PEKERJAAN UMUM,A14503,694186 SNVT PELAKSANAAN JARINGAN PEMANFAATAN AIR SUMATERA III PROVINSI RIAU,A/008.25001307/0/0,2025-10-27,2025-12-15,MULYADI,"Rp148.500.000,00","Rp148.500.000,00","Rp74.250.000,00",Rp -,Rp -,Rp -,"Rp74.250.000,00",,
143,008 Pekanbaru,137 KEMENTERIAN IMIGRASI DAN PEMASYARAKATAN,A13704,692794 LAPAS TERBUKA KELAS III RUMBAI,A/008.25000072/0/2,2024-12-31,2025-12-31,CV. BIAS SINAR,"Rp29.375.000,00","Rp17.997.647,00","Rp3.993.996,00","Rp2.651.417,00","-Rp110.422,00","Rp1.342.579,00",Rp -,,
144,008 Pekanbaru,145 KEMENTERIAN PEKERJAAN UMUM,A14503,694186 SNVT PELAKSANAAN JARINGAN PEMANFAATAN AIR SUMATERA III PROVINSI RIAU,A/008.25001280/0/0,2025-10-27,2025-12-15,ARI WAHYUDI,"Rp148.500.000,00","Rp148.500.000,00","Rp74.250.000,00","Rp74.250.000,00","-Rp4.232.250,00",Rp -,Rp -,,
145,008 Pekanbaru,145 KEMENTERIAN PEKERJAAN UMUM,A14503,694186 SNVT PELAKSANAAN JARINGAN PEMANFAATAN AIR SUMATERA III PROVINSI RIAU,A/008.25001034/0/0,2025-10-09,2025-12-07,ALFIAN,"Rp133.401.573,00","Rp133.401.573,00","Rp66.700.786,00","Rp66.700.786,00","-Rp4.869.170,00",Rp -,Rp -,,
146,008 Pekanbaru,145 KEMENTERIAN PEKERJAAN UMUM,A14503,694186 SNVT PELAKSANAAN JARINGAN PEMANFAATAN AIR SUMATERA III PROVINSI RIAU,A/008.25001989/0/0,2025-12-12,2025-12-21,AMIN KHALIM,"Rp99.000.000,00","Rp99.000.000,00","Rp99.000.000,00",Rp -,Rp -,Rp -,"Rp99.000.000,00",,
147,008 Pekanbaru,005 MAHKAMAH AGUNG,A00501,402123 PENGADILAN AGAMA PASIR PANGARAYAN,A/008.25001559/0/0,2025-11-13,2025-12-27,PT. ABDICITRATAMA CIPTACONSULINDO,"Rp646.463.056,00","Rp646.463.056,00","Rp646.463.056,00",Rp -,Rp -,Rp -,"Rp646.463.056,00",,
148,008 Pekanbaru,004 BADAN PEMERIKSA KEUANGAN,A00401,450780 BPK PERWAKILAN PROVINSI RIAU,A/008.25000045/0/0,2025-01-02,2025-12-31,PT. YUWANA EKA SEJATI SENTOSA,"Rp789.742.236,00","Rp789.742.236,00","Rp65.811.842,00","Rp65.811.842,00","-Rp662.572,00",Rp -,Rp -,,
149,120 Dumai,137 KEMENTERIAN IMIGRASI DAN PEMASYARAKATAN,A13704,692311 LAPAS KELAS II A BAGAN SIAPI-API,A/120.25000182/0/1,2025-09-17,2025-12-31,PT. PURNA WIRA INDONESIA,"Rp2.169.854.862,00","Rp2.169.854.862,00","Rp433.970.973,00",Rp -,Rp -,Rp -,"Rp433.970.973,00",19-Feb-26,
150,008 Pekanbaru,145 KEMENTERIAN PEKERJAAN UMUM,A14503,694186 SNVT PELAKSANAAN JARINGAN PEMANFAATAN AIR SUMATERA III PROVINSI RIAU,A/008.25001301/0/0,2025-10-27,2025-12-15,SUZARTA,"Rp148.500.000,00","Rp148.500.000,00","Rp74.250.000,00",Rp -,Rp -,Rp -,"Rp74.250.000,00",,
151,008 Pekanbaru,145 KEMENTERIAN PEKERJAAN UMUM,A14503,694186 SNVT PELAKSANAAN JARINGAN PEMANFAATAN AIR SUMATERA III PROVINSI RIAU,A/008.25001330/0/0,2025-10-27,2025-12-15,BENNY ALFARIS,"Rp148.500.000,00","Rp148.500.000,00","Rp74.250.000,00",Rp -,Rp -,Rp -,"Rp74.250.000,00",,
152,008 Pekanbaru,145 KEMENTERIAN PEKERJAAN UMUM,A14506,691285 PELAKSANAAN PRASARANA STRATEGIS RIAU,A/008.25000806/0/1,2025-09-16,2025-12-31,CV. CITRATAMA ARSITEK,"Rp706.879.000,00","Rp706.879.000,00","Rp97.054.487,00",Rp -,Rp -,Rp -,"Rp97.054.487,00",,
153,008 Pekanbaru,137 KEMENTERIAN IMIGRASI DAN PEMASYARAKATAN,A13703,692961 RUMAH DETENSI IMIGRASI PEKANBARU,A/008.25001996/0/0,2025-12-16,2025-12-29,PT. ANDESTA JAYA GROUP TIPE 2,"Rp284.026.800,00","Rp284.026.800,00","Rp284.026.800,00","Rp284.026.800,00","-Rp31.985.000,00",Rp -,Rp -,,100
154,008 Pekanbaru,145 KEMENTERIAN PEKERJAAN UMUM,A14503,694186 SNVT PELAKSANAAN JARINGAN PEMANFAATAN AIR SUMATERA III PROVINSI RIAU,A/008.25001972/0/0,2025-12-12,2025-12-21,ZULFIKRI,"Rp99.000.000,00","Rp99.000.000,00","Rp99.000.000,00",Rp -,Rp -,Rp -,"Rp99.000.000,00",,
155,008 Pekanbaru,145 KEMENTERIAN PEKERJAAN UMUM,A14504,693877 PELAKSANAAN JALAN NASIONAL WILAYAH I PROVINSI RIAU,A/008.25001940/0/1,2025-12-03,2025-12-31,PT. BINA PEMBANGUNAN ADI JAYA,"Rp13.354.391.000,00","Rp13.354.391.000,00","Rp7.264.562.411,00",Rp -,Rp -,Rp -,"Rp7.264.562.411,00",30-Jan-26,
156,008 Pekanbaru,145 KEMENTERIAN PEKERJAAN UMUM,A14503,694186 SNVT PELAKSANAAN JARINGAN PEMANFAATAN AIR SUMATERA III PROVINSI RIAU,A/008.25002093/0/0,2025-12-16,2025-12-30,CV. MITRA KULIM MANDIRI,"Rp196.145.000,00","Rp196.145.000,00","Rp196.145.000,00",Rp -,Rp -,Rp -,"Rp196.145.000,00",,
157,008 Pekanbaru,054 BADAN PUSAT STATISTIK,A05401,428088 BADAN PUSAT STATISTIK KOTA PEKANBARU,A/008.25000062/0/1,2024-12-31,2025-12-31,PT. EKA MANDIRI SEJAHTERA,"Rp121.968.000,00","Rp121.968.000,00","Rp5.808.000,00","Rp5.808.000,00","-Rp738.452,00",Rp -,Rp -,,
158,008 Pekanbaru,145 KEMENTERIAN PEKERJAAN UMUM,A14503,694186 SNVT PELAKSANAAN JARINGAN PEMANFAATAN AIR SUMATERA III PROVINSI RIAU,A/008.25000699/0/1,2025-08-29,2025-12-31,PT. YANTI RECORD,"Rp6.799.799.999,00","Rp6.799.799.999,00","Rp1.597.953.000,00",Rp -,Rp -,Rp -,"Rp1.597.953.000,00",19-Feb-26,
159,008 Pekanbaru,145 KEMENTERIAN PEKERJAAN UMUM,A14503,694186 SNVT PELAKSANAAN JARINGAN PEMANFAATAN AIR SUMATERA III PROVINSI RIAU,A/008.25001306/0/0,2025-10-27,2025-12-15,DEMAS RAHMAT HIDAYAT,"Rp148.500.000,00","Rp148.500.000,00","Rp74.250.000,00",Rp -,Rp -,Rp -,"Rp74.250.000,00",,
160,008 Pekanbaru,145 KEMENTERIAN PEKERJAAN UMUM,A14503,694186 SNVT PELAKSANAAN JARINGAN PEMANFAATAN AIR SUMATERA III PROVINSI RIAU,A/008.25002053/0/0,2025-12-15,2025-12-24,MUHAMMAD ILHAM APRIALDI,"Rp99.000.000,00","Rp99.000.000,00","Rp99.000.000,00",Rp -,Rp -,Rp -,"Rp99.000.000,00",,
161,120 Dumai,137 KEMENTERIAN IMIGRASI DAN PEMASYARAKATAN,A13704,692309 LAPAS KELAS II A BENGKALIS,A/120.25000011/0/12,2024-12-30,2025-12-31,CV. BOSGAL INDAH BERKARYA,"Rp16.449.331.554,00","Rp16.449.331.554,00","Rp583.793.409,00",Rp -,Rp -,Rp -,"Rp583.793.409,00",,
162,008 Pekanbaru,145 KEMENTERIAN PEKERJAAN UMUM,A14503,694186 SNVT PELAKSANAAN JARINGAN PEMANFAATAN AIR SUMATERA III PROVINSI RIAU,A/008.25001589/0/1,2025-11-12,2025-12-31,CV. KRAKATAU 31,"Rp130.041.000,00","Rp130.041.000,00","Rp130.041.000,00","Rp130.041.000,00","-Rp15.991.528,00",Rp -,Rp -,,
163,008 Pekanbaru,145 KEMENTERIAN PEKERJAAN UMUM,A14506,691285 PELAKSANAAN PRASARANA STRATEGIS RIAU,A/008.25001820/1/0,2025-12-01,2025-12-31,PT. PRIBIA JAYA PERSADA KSO PT. ASTADIPATI BIRO INSINJUR DAN ARSITEK,"Rp167.172.000,00","Rp167.172.000,00","Rp78.468.450,00",Rp -,Rp -,Rp -,"Rp78.468.450,00",,
164,008 Pekanbaru,145 KEMENTERIAN PEKERJAAN UMUM,A14503,694186 SNVT PELAKSANAAN JARINGAN PEMANFAATAN AIR SUMATERA III PROVINSI RIAU,A/008.25001152/0/1,2025-10-27,2025-12-15,CV. TABINA JAYA MANDIRI,"Rp135.014.000,00","Rp135.014.000,00","Rp135.014.000,00",Rp -,Rp -,Rp -,"Rp135.014.000,00",,
165,008 Pekanbaru,145 KEMENTERIAN PEKERJAAN UMUM,A14503,694186 SNVT PELAKSANAAN JARINGAN PEMANFAATAN AIR SUMATERA III PROVINSI RIAU,A/008.25000720/0/1,2025-09-02,2025-12-30,PT. AGRINAS PALMA NUSANTARA (PERSERO),"Rp1.046.749.536,00","Rp1.046.749.536,00","Rp75.156.617,00","Rp75.156.617,00","-Rp9.817.756,00",Rp -,Rp -,,
166,008 Pekanbaru,145 KEMENTERIAN PEKERJAAN UMUM,A14504,693878 PELAKSANAAN JALAN NASIONAL WILAYAH II PROVINSI RIAU,A/008.25000269/0/4,2025-03-24,2025-12-31,PT. PT. NAGAMAS MITRA USAHA,"Rp3.356.797.000,00","Rp3.356.797.000,00","Rp602.123.300,00",Rp -,Rp -,Rp -,"Rp602.123.300,00",,
167,092 Rengat,063 BADAN PENGAWAS OBAT DAN MAKANAN,A06301,690484 BALAI POM DI INDRAGIRI HULU,A/092.25000028/0/0,2025-01-02,2025-12-31,PT. TRANSKLIN INDONESIA MANDIRI,"Rp191.626.452,00","Rp191.626.452,00","Rp15.043.070,00","Rp15.043.070,00","-Rp155.719,00",Rp -,Rp -,,
168,008 Pekanbaru,145 KEMENTERIAN PEKERJAAN UMUM,A14503,694186 SNVT PELAKSANAAN JARINGAN PEMANFAATAN AIR SUMATERA III PROVINSI RIAU,A/008.25001276/0/0,2025-10-27,2025-12-15,RIZKI KURNIADI,"Rp148.500.000,00","Rp148.500.000,00","Rp74.250.000,00","Rp74.250.000,00","-Rp4.232.250,00",Rp -,Rp -,,
169,092 Rengat,022 KEMENTERIAN PERHUBUNGAN,A02204,559250 UNIT PENYELENGGARA PELABUHAN SUNGAI GUNTUNG,A/092.25000170/0/1,2025-12-10,2025-12-31,CV. INTERNA MULTI CONSTRUCTION,"Rp2.380.346.143,00","Rp2.380.346.143,00","Rp2.380.346.143,00","Rp2.380.346.143,00","-Rp292.718.241,00",Rp -,Rp -,,
170,008 Pekanbaru,143 KEMENTERIAN KEHUTANAN,A14306,693533 BALAI PENGELOLAAN HUTAN LESTARI WILAYAH III PEKANBARU,A/008.25000051/0/0,2025-01-02,2025-12-31,PT. SERASI AUTORAYA,"Rp72.000.000,00","Rp72.000.000,00","Rp6.000.000,00","Rp6.000.000,00","-Rp594.594,00",Rp -,Rp -,,
171,008 Pekanbaru,145 KEMENTERIAN PEKERJAAN UMUM,A14503,694186 SNVT PELAKSANAAN JARINGAN PEMANFAATAN AIR SUMATERA III PROVINSI RIAU,A/008.25001277/0/0,2025-10-27,2025-12-15,HIDAYAT FAUZI,"Rp148.500.000,00","Rp148.500.000,00","Rp74.250.000,00","Rp74.250.000,00","-Rp4.232.250,00",Rp -,Rp -,,
172,008 Pekanbaru,145 KEMENTERIAN PEKERJAAN UMUM,A14503,694186 SNVT PELAKSANAAN JARINGAN PEMANFAATAN AIR SUMATERA III PROVINSI RIAU,A/008.25001297/0/0,2025-10-27,2025-12-15,T.FAREL PERNANDO,"Rp148.500.000,00","Rp148.500.000,00","Rp74.250.000,00",Rp -,Rp -,Rp -,"Rp74.250.000,00",,
173,008 Pekanbaru,145 KEMENTERIAN PEKERJAAN UMUM,A14503,694186 SNVT PELAKSANAAN JARINGAN PEMANFAATAN AIR SUMATERA III PROVINSI RIAU,A/008.25001349/0/0,2025-10-27,2025-12-15,SAFRIZAL,"Rp148.500.000,00","Rp148.500.000,00","Rp74.250.000,00",Rp -,Rp -,Rp -,"Rp74.250.000,00",,
174,008 Pekanbaru,143 KEMENTERIAN KEHUTANAN,A14304,693618 BALAI TAMAN NASIONAL TESSO NILO,A/008.25000084/0/0,2025-01-02,2025-12-31,PT. PRAJA PUTRA WANGSA,"Rp197.899.812,00","Rp197.899.812,00","Rp16.491.651,00","Rp16.491.651,00","-Rp1.931.455,00",Rp -,Rp -,,
175,008 Pekanbaru,145 KEMENTERIAN PEKERJAAN UMUM,A14503,694186 SNVT PELAKSANAAN JARINGAN PEMANFAATAN AIR SUMATERA III PROVINSI RIAU,A/008.25001029/0/0,2025-10-09,2025-12-07,SUJARDI,"Rp133.401.573,00","Rp133.401.573,00","Rp66.700.786,00","Rp66.700.786,00","-Rp4.869.170,00",Rp -,Rp -,,
176,008 Pekanbaru,145 KEMENTERIAN PEKERJAAN UMUM,A14503,694186 SNVT PELAKSANAAN JARINGAN PEMANFAATAN AIR SUMATERA III PROVINSI RIAU,A/008.25001303/0/0,2025-10-27,2025-12-15,JUNARDI,"Rp148.500.000,00","Rp148.500.000,00","Rp74.250.000,00",Rp -,Rp -,Rp -,"Rp74.250.000,00",,
177,008 Pekanbaru,127 BADAN KARANTINA INDONESIA,A12701,690873 BALAI KARANTINA HEWAN IKAN DAN TUMBUHAN RIAU,A/008.25001741/0/0,2025-12-01,2025-12-31,KURNIA SAPUTRA NAINGGOLAN,"Rp3.000.000,00","Rp3.000.000,00","Rp3.000.000,00","Rp3.000.000,00","-Rp14.500,00",Rp -,Rp -,,
178,008 Pekanbaru,145 KEMENTERIAN PEKERJAAN UMUM,A14504,693841 PERENCANAAN DAN PENGAWASAN JALAN NASIONAL PROVINSI RIAU,A/008.25000222/0/3,2025-03-04,2025-12-31,PT. MULTI PHI BETA,"Rp3.715.561.000,00","Rp3.715.561.000,00","Rp252.198.295,00","Rp252.198.295,00","-Rp32.944.822,00",Rp -,Rp -,,
179,008 Pekanbaru,145 KEMENTERIAN PEKERJAAN UMUM,A14503,694186 SNVT PELAKSANAAN JARINGAN PEMANFAATAN AIR SUMATERA III PROVINSI RIAU,A/008.25001275/0/0,2025-10-27,2025-12-15,FANDI WAHYUDI,"Rp148.500.000,00","Rp148.500.000,00","Rp74.250.000,00",Rp -,Rp -,Rp -,"Rp74.250.000,00",,
180,092 Rengat,054 BADAN PUSAT STATISTIK,A05401,428114 BADAN PUSAT STATISTIK KAB. INDRAGIRI HULU,A/092.25000026/0/2,2024-12-31,2025-12-31,PT. SELASIH INDO RAYA,"Rp138.626.064,00","Rp138.626.064,00","Rp11.552.172,00","Rp11.552.172,00","-Rp1.375.853,00",Rp -,Rp -,,
181,120 Dumai,056 KEMENTERIAN AGRARIA DAN TATA RUANG/BPN,A05601,430994 KANTOR PERTANAHAN KAB. BENGKALIS,A/120.25000293/0/1,2025-12-08,2025-12-29,PT. GEO SURVEY PERSADA INDONESIA,"Rp804.456.516,00","Rp804.456.516,00","Rp804.456.516,00","Rp804.456.516,00","-Rp94.215.628,00",Rp -,Rp -,,100
182,120 Dumai,137 KEMENTERIAN IMIGRASI DAN PEMASYARAKATAN,A13704,692311 LAPAS KELAS II A BAGAN SIAPI-API,A/120.25000112/0/1,2025-05-14,2025-12-31,PT. BAGUS DARAJAT KONSULTAN,"Rp1.032.924.042,00","Rp1.032.924.042,00","Rp464.815.819,00",Rp -,Rp -,Rp -,"Rp464.815.819,00",19-Feb-26,
183,008 Pekanbaru,145 KEMENTERIAN PEKERJAAN UMUM,A14503,694186 SNVT PELAKSANAAN JARINGAN PEMANFAATAN AIR SUMATERA III PROVINSI RIAU,A/008.25002096/0/0,2025-12-16,2025-12-30,CV. HAZARD PUTRA PERKASA,"Rp196.284.000,00","Rp196.284.000,00","Rp196.284.000,00",Rp -,Rp -,Rp -,"Rp196.284.000,00",,
184,008 Pekanbaru,143 KEMENTERIAN KEHUTANAN,A14304,693618 BALAI TAMAN NASIONAL TESSO NILO,A/008.25000085/0/0,2025-01-02,2025-12-31,PT. PRAJA PUTRA WANGSA,"Rp59.934.852,00","Rp59.934.852,00","Rp4.994.571,00","Rp4.994.571,00","-Rp584.949,00",Rp -,Rp -,,
185,008 Pekanbaru,145 KEMENTERIAN PEKERJAAN UMUM,A14504,693841 PERENCANAAN DAN PENGAWASAN JALAN NASIONAL PROVINSI RIAU,A/008.25000998/0/2,2025-10-07,2025-12-31,"PT. LAKSANA DISAIN DAYA CIPTA (KSO) PT. JAKARTA RENCANA SELARAS, PT. REFENA KEMBAR ANUGRAH","Rp1.226.938.000,00","Rp1.226.938.000,00","Rp355.393.600,00","Rp355.393.600,00","-Rp46.425.291,00",Rp -,Rp -,,
186,008 Pekanbaru,145 KEMENTERIAN PEKERJAAN UMUM,A14504,693878 PELAKSANAAN JALAN NASIONAL WILAYAH II PROVINSI RIAU,A/008.25000545/0/4,2025-07-14,2025-12-31,CV. PILIANG ISTIQOMAH MANDIRI,"Rp2.809.763.000,00","Rp2.809.763.000,00","Rp77.470.250,00","Rp77.470.250,00","-Rp8.898.610,00",Rp -,Rp -,,
187,120 Dumai,063 BADAN PENGAWAS OBAT DAN MAKANAN,A06301,672849 BALAI POM DI DUMAI,A/120.25000020/0/1,2024-12-31,2025-12-31,PT. GRIYA RESIK MANDIRI,"Rp303.784.998,00","Rp303.784.998,00","Rp25.812.375,00","Rp25.812.375,00","-Rp2.588.177,00",Rp -,Rp -,,
188,120 Dumai,139 KEMENTERIAN PENDIDIKAN TINGGI SAINS DAN TEKNOLOGI,A13903,693505 POLITEKNIK NEGERI BENGKALIS,A/120.25000024/0/2,2025-01-03,2025-12-31,PT. SENTRA VIDYA UTAMA,"Rp186.000.000,00","Rp186.000.000,00","Rp46.500.000,00","Rp46.500.000,00","-Rp5.445.946,00",Rp -,Rp -,,
189,008 Pekanbaru,145 KEMENTERIAN PEKERJAAN UMUM,A14503,694186 SNVT PELAKSANAAN JARINGAN PEMANFAATAN AIR SUMATERA III PROVINSI RIAU,A/008.25001025/0/0,2025-10-09,2025-12-07,A. RASYID,"Rp133.401.573,00","Rp133.401.573,00","Rp66.700.786,00","Rp66.700.786,00","-Rp4.869.170,00",Rp -,Rp -,,
190,008 Pekanbaru,145 KEMENTERIAN PEKERJAAN UMUM,A14504,693877 PELAKSANAAN JALAN NASIONAL WILAYAH I PROVINSI RIAU,A/008.25000273/0/2,2025-03-24,2025-12-31,PT. DIAN RESTU ANUGRAH,"Rp3.670.948.000,00","Rp3.670.948.000,00","Rp225.448.505,00","Rp225.448.505,00","-Rp27.724.073,00",Rp -,Rp -,,
191,120 Dumai,139 KEMENTERIAN PENDIDIKAN TINGGI SAINS DAN TEKNOLOGI,A13903,693505 POLITEKNIK NEGERI BENGKALIS,A/120.25000027/0/0,2025-01-06,2025-12-31,PT. APLIKASINUSA LINTASARTA,"Rp1.080.000.000,00","Rp1.080.000.000,00","Rp270.000.000,00","Rp270.000.000,00",Rp -,Rp -,Rp -,,
192,092 Rengat,056 KEMENTERIAN AGRARIA DAN TATA RUANG/BPN,A05601,637478 KANTOR PERTANAHAN KAB. KUANTAN SANGINGI,A/092.25000115/1/2,2025-09-10,2025-12-31,PT. RISTEK MANAJEMEN KONSULTAN,"Rp2.736.498.240,00","Rp2.736.498.240,00","Rp624.435.840,00","Rp624.435.840,00",Rp -,Rp -,Rp -,,100
193,008 Pekanbaru,145 KEMENTERIAN PEKERJAAN UMUM,A14503,694186 SNVT PELAKSANAAN JARINGAN PEMANFAATAN AIR SUMATERA III PROVINSI RIAU,A/008.25002087/0/0,2025-12-19,2025-12-25,AHMAT ALAMSYAH,"Rp99.000.000,00","Rp99.000.000,00","Rp99.000.000,00","Rp99.000.000,00","-Rp3.069.000,00",Rp -,Rp -,,
194,008 Pekanbaru,145 KEMENTERIAN PEKERJAAN UMUM,A14503,694186 SNVT PELAKSANAAN JARINGAN PEMANFAATAN AIR SUMATERA III PROVINSI RIAU,A/008.25001033/0/0,2025-10-09,2025-12-07,ZULKIFLI,"Rp133.401.573,00","Rp133.401.573,00","Rp66.700.786,00","Rp66.700.786,00","-Rp4.869.170,00",Rp -,Rp -,,
195,120 Dumai,137 KEMENTERIAN IMIGRASI DAN PEMASYARAKATAN,A13704,692311 LAPAS KELAS II A BAGAN SIAPI-API,A/120.25000152/0/0,2025-07-15,2025-12-31,PT. CAHAYA NUSANTARA SUKSES,"Rp48.611.222.869,00","Rp48.611.222.869,00","Rp2.916.673.373,00",Rp -,Rp -,Rp -,"Rp2.916.673.373,00",19-Feb-26,
196,008 Pekanbaru,145 KEMENTERIAN PEKERJAAN UMUM,A14504,693877 PELAKSANAAN JALAN NASIONAL WILAYAH I PROVINSI RIAU,A/008.25000510/0/2,2025-06-26,2025-12-31,CV. CAHAYA SUCI MANDIRI,"Rp7.141.286.000,00","Rp7.141.286.000,00","Rp699.985.586,00","Rp699.985.586,00","-Rp80.403.750,00",Rp -,Rp -,,
197,092 Rengat,137 KEMENTERIAN IMIGRASI DAN PEMASYARAKATAN,A13704,692314 LAPAS KELAS II B TELUK KUANTAN,A/092.25000020/0/5,2024-12-27,2025-12-31,CV. AKSARA RADHIKA,"Rp3.256.672.198,00","Rp3.256.672.198,00","Rp166.655.944,00","Rp112.137.419,00","-Rp6.378.356,00","Rp54.518.525,00",Rp -,,
198,092 Rengat,022 KEMENTERIAN PERHUBUNGAN,A02204,559250 UNIT PENYELENGGARA PELABUHAN SUNGAI GUNTUNG,A/092.25000111/0/0,2025-08-26,2025-12-30,PT. PT. PRIANGAN RAYA UTAMA,"Rp575.368.500,00","Rp575.368.500,00","Rp201.378.976,00","Rp201.378.976,00","-Rp26.306.262,00",Rp -,Rp -,,
199,008 Pekanbaru,145 KEMENTERIAN PEKERJAAN UMUM,A14503,694186 SNVT PELAKSANAAN JARINGAN PEMANFAATAN AIR SUMATERA III PROVINSI RIAU,A/008.25001292/0/0,2025-10-27,2025-12-15,ISMAIL,"Rp148.500.000,00","Rp148.500.000,00","Rp74.250.000,00",Rp -,Rp -,Rp -,"Rp74.250.000,00",,
200,008 Pekanbaru,060 KEPOLISIAN NEGARA REPUBLIK INDONESIA,A06001,640892 SPN POLDA RIAU,A/008.25000584/0/1,2025-07-25,2025-12-24,CV. SINAR REZEKI INSANI,"Rp1.600.620.000,00","Rp1.600.620.000,00","Rp104.118.000,00","Rp104.118.000,00","-Rp2.082.360,00",Rp -,Rp -,,100
201,008 Pekanbaru,145 KEMENTERIAN PEKERJAAN UMUM,A14504,693878 PELAKSANAAN JALAN NASIONAL WILAYAH II PROVINSI RIAU,A/008.25000552/0/3,2025-07-15,2025-12-31,CV. PANCA KARYA ABADI,"Rp5.623.925.000,00","Rp5.623.925.000,00","Rp521.488.395,00",Rp -,Rp -,Rp -,"Rp521.488.395,00",,
202,008 Pekanbaru,145 KEMENTERIAN PEKERJAAN UMUM,A14503,694186 SNVT PELAKSANAAN JARINGAN PEMANFAATAN AIR SUMATERA III PROVINSI RIAU,A/008.25001149/0/1,2025-10-27,2025-12-15,CV. TABINA JAYA MANDIRI,"Rp145.985.000,00","Rp145.985.000,00","Rp145.985.000,00",Rp -,Rp -,Rp -,"Rp145.985.000,00",,
203,120 Dumai,137 KEMENTERIAN IMIGRASI DAN PEMASYARAKATAN,A13704,692311 LAPAS KELAS II A BAGAN SIAPI-API,A/120.25000262/0/0,2025-11-18,2025-12-31,PT. PUTRA NANGGROE ACEH,"Rp88.151.791.834,00","Rp88.151.791.834,00","Rp57.298.664.692,00",Rp -,Rp -,Rp -,"Rp57.298.664.692,00",19-Feb-26,
204,008 Pekanbaru,145 KEMENTERIAN PEKERJAAN UMUM,A14503,694186 SNVT PELAKSANAAN JARINGAN PEMANFAATAN AIR SUMATERA III PROVINSI RIAU,A/008.25001144/0/0,2025-10-27,2025-12-15,CV. AMORA JAYA SENTOSA,"Rp173.255.000,00","Rp173.255.000,00","Rp173.255.000,00","Rp173.255.000,00","-Rp24.078.682,00",Rp -,Rp -,,
205,008 Pekanbaru,145 KEMENTERIAN PEKERJAAN UMUM,A14506,691285 PELAKSANAAN PRASARANA STRATEGIS RIAU,A/008.25000473/0/0,2025-06-10,2025-12-31,PT. TAMADDUN RIAU,"Rp29.918.000,00","Rp29.918.000,00","Rp4.274.000,00","Rp4.274.000,00","-Rp51.480,00",Rp -,Rp -,,
206,008 Pekanbaru,145 KEMENTERIAN PEKERJAAN UMUM,A14504,693877 PELAKSANAAN JALAN NASIONAL WILAYAH I PROVINSI RIAU,A/008.25000534/0/3,2025-07-10,2025-12-31,PT. BINA PEMBANGUNAN ADI JAYA,"Rp8.141.627.000,00","Rp8.141.627.000,00","Rp414.614.302,00","Rp414.614.302,00","-Rp50.986.353,00",Rp -,Rp -,,
207,120 Dumai,054 BADAN PUSAT STATISTIK,A05401,637021 BADAN PUSAT STATISTIK KAB. ROKAN HILIR,A/120.25000019/0/2,2024-12-30,2025-12-31,PT. SELASIH INDO RAYA,"Rp184.784.985,00","Rp184.784.985,00","Rp11.199.090,00","Rp11.199.090,00","-Rp1.311.605,00",Rp -,Rp -,,
208,008 Pekanbaru,145 KEMENTERIAN PEKERJAAN UMUM,A14503,694186 SNVT PELAKSANAAN JARINGAN PEMANFAATAN AIR SUMATERA III PROVINSI RIAU,A/008.25001031/0/0,2025-10-09,2025-12-07,SYAHWANUR AL SYUKRI,"Rp133.401.573,00","Rp133.401.573,00","Rp66.700.786,00","Rp66.700.786,00","-Rp4.869.170,00",Rp -,Rp -,,
209,008 Pekanbaru,145 KEMENTERIAN PEKERJAAN UMUM,A14503,694186 SNVT PELAKSANAAN JARINGAN PEMANFAATAN AIR SUMATERA III PROVINSI RIAU,A/008.25001150/0/0,2025-10-27,2025-12-15,CV. AMORA JAYA SENTOSA,"Rp173.263.000,00","Rp173.263.000,00","Rp173.263.000,00","Rp173.263.000,00","-Rp24.079.666,00",Rp -,Rp -,,
210,008 Pekanbaru,127 BADAN KARANTINA INDONESIA,A12701,690873 BALAI KARANTINA HEWAN IKAN DAN TUMBUHAN RIAU,A/008.25001738/0/0,2025-12-01,2025-12-31,ANDRIE HARIANSYAH,"Rp3.000.000,00","Rp3.000.000,00","Rp3.000.000,00","Rp3.000.000,00","-Rp14.500,00",Rp -,Rp -,,
211,092 Rengat,054 BADAN PUSAT STATISTIK,A05401,428114 BADAN PUSAT STATISTIK KAB. INDRAGIRI HULU,A/092.25000025/0/4,2024-12-31,2025-12-31,PT. SELASIH INDO RAYA,"Rp175.171.290,00","Rp175.171.290,00","Rp5.839.043,00","Rp5.839.043,00","-Rp695.425,00",Rp -,Rp -,,
212,008 Pekanbaru,145 KEMENTERIAN PEKERJAAN UMUM,A14503,694186 SNVT PELAKSANAAN JARINGAN PEMANFAATAN AIR SUMATERA III PROVINSI RIAU,A/008.25001982/0/0,2025-12-12,2025-12-21,USMA AFRIZAL,"Rp99.000.000,00","Rp99.000.000,00","Rp99.000.000,00",Rp -,Rp -,Rp -,"Rp99.000.000,00",,
213,008 Pekanbaru,127 BADAN KARANTINA INDONESIA,A12701,690873 BALAI KARANTINA HEWAN IKAN DAN TUMBUHAN RIAU,A/008.25001737/0/0,2025-12-01,2025-12-31,M.RISKI FIRDAUS,"Rp2.900.000,00","Rp2.900.000,00","Rp2.900.000,00","Rp2.900.000,00","-Rp14.500,00",Rp -,Rp -,,
214,120 Dumai,056 KEMENTERIAN AGRARIA DAN TATA RUANG/BPN,A05601,091324 KANTOR PERTANAHAN KABUPATEN KEPULAUAN MERANTI,A/120.25000185/1/1,2025-09-22,2025-12-31,PT. DAMARWURI UTAMA,"Rp2.117.735.399,00","Rp2.117.735.399,00","Rp911.714.279,00","Rp911.714.279,00",Rp -,Rp -,Rp -,,100
215,008 Pekanbaru,145 KEMENTERIAN PEKERJAAN UMUM,A14503,694186 SNVT PELAKSANAAN JARINGAN PEMANFAATAN AIR SUMATERA III PROVINSI RIAU,A/008.25001278/0/0,2025-10-27,2025-12-15,AJI DINDA PRADISTA,"Rp148.500.000,00","Rp148.500.000,00","Rp74.250.000,00","Rp74.250.000,00","-Rp4.232.250,00",Rp -,Rp -,,
216,008 Pekanbaru,145 KEMENTERIAN PEKERJAAN UMUM,A14504,693878 PELAKSANAAN JALAN NASIONAL WILAYAH II PROVINSI RIAU,A/008.25001183/0/1,2025-10-28,2025-12-31,PT. PT. NAGAMAS MITRA USAHA,"Rp18.233.123.000,00","Rp18.233.123.000,00","Rp6.373.115.400,00",Rp -,Rp -,Rp -,"Rp6.373.115.400,00",19-Jan-26,
217,008 Pekanbaru,022 KEMENTERIAN PERHUBUNGAN,A02203,403844 BALAI PENGELOLA TRANSPORTASI DARAT RIAU,A/008.25001740/0/0,2025-12-01,2025-12-31,PT. GRAHA MITRA KONSULTAN,"Rp99.849.217,00","Rp99.849.217,00","Rp99.849.217,00","Rp99.849.217,00","-Rp11.891.951,00",Rp -,Rp -,,
218,008 Pekanbaru,145 KEMENTERIAN PEKERJAAN UMUM,A14503,694186 SNVT PELAKSANAAN JARINGAN PEMANFAATAN AIR SUMATERA III PROVINSI RIAU,A/008.25001973/0/0,2025-12-12,2025-12-21,ING KIA MOHTA,"Rp99.000.000,00","Rp99.000.000,00","Rp99.000.000,00","Rp99.000.000,00","-Rp3.465.000,00",Rp -,Rp -,,
219,008 Pekanbaru,145 KEMENTERIAN PEKERJAAN UMUM,A14506,691285 PELAKSANAAN PRASARANA STRATEGIS RIAU,A/008.25001817/1/0,2025-11-28,2025-12-31,PT. ASTADIPATI DUTA HARINDO,"Rp338.952.000,00","Rp338.952.000,00","Rp151.303.800,00",Rp -,Rp -,Rp -,"Rp151.303.800,00",,
220,008 Pekanbaru,054 BADAN PUSAT STATISTIK,A05401,428088 BADAN PUSAT STATISTIK KOTA PEKANBARU,A/008.25000061/0/1,2024-12-31,2025-12-31,PT. EKA MANDIRI SEJAHTERA,"Rp174.570.000,00","Rp174.570.000,00","Rp5.819.000,00","Rp5.819.000,00","-Rp739.872,00",Rp -,Rp -,,
221,008 Pekanbaru,145 KEMENTERIAN PEKERJAAN UMUM,A14504,693841 PERENCANAAN DAN PENGAWASAN JALAN NASIONAL PROVINSI RIAU,A/008.25000294/0/4,2025-04-17,2025-12-31,PT. GLOBAL PROFEX SYNERGY KSO PT. SEECONS - PT. SARANA MULTI DAYA,"Rp1.605.304.000,00","Rp1.605.304.000,00","Rp110.340.800,00","Rp110.340.800,00","-Rp14.413.888,00",Rp -,Rp -,,
222,092 Rengat,005 MAHKAMAH AGUNG,A00501,401908 PENGADILAN NEGERI TELUK KUANTAN,A/092.25000155/0/0,2025-11-13,2025-12-27,CV. TIORA BERLIAN KONSULTAN,"Rp99.379.410,00","Rp99.379.410,00","Rp99.379.410,00","Rp99.379.410,00","-Rp12.981.995,00",Rp -,Rp -,,100
223,008 Pekanbaru,145 KEMENTERIAN PEKERJAAN UMUM,A14503,694186 SNVT PELAKSANAAN JARINGAN PEMANFAATAN AIR SUMATERA III PROVINSI RIAU,A/008.25001311/0/0,2025-10-27,2025-12-15,ALFIKRI,"Rp148.500.000,00","Rp148.500.000,00","Rp74.250.000,00",Rp -,Rp -,Rp -,"Rp74.250.000,00",,
224,008 Pekanbaru,145 KEMENTERIAN PEKERJAAN UMUM,A14503,694186 SNVT PELAKSANAAN JARINGAN PEMANFAATAN AIR SUMATERA III PROVINSI RIAU,A/008.25001024/0/1,2025-10-09,2025-12-07,SUPIYANTO,"Rp133.401.573,00","Rp133.401.573,00","Rp66.700.786,00","Rp66.700.786,00","-Rp4.869.170,00",Rp -,Rp -,,
225,008 Pekanbaru,145 KEMENTERIAN PEKERJAAN UMUM,A14503,694186 SNVT PELAKSANAAN JARINGAN PEMANFAATAN AIR SUMATERA III PROVINSI RIAU,A/008.25001305/0/0,2025-10-27,2025-12-15,GUNAWAN WICAKSONO,"Rp148.500.000,00","Rp148.500.000,00","Rp74.250.000,00",Rp -,Rp -,Rp -,"Rp74.250.000,00",,
226,008 Pekanbaru,022 KEMENTERIAN PERHUBUNGAN,A02203,403844 BALAI PENGELOLA TRANSPORTASI DARAT RIAU,A/008.25000300/0/2,2025-04-21,2025-12-31,PT. ASDP INDONESIA FERRY (PERSERO),"Rp4.247.491.274,00","Rp4.247.491.274,00","Rp1.235.578.000,00","Rp901.370.279,00","-Rp10.816.443,00","Rp334.207.721,00",Rp -,,
227,008 Pekanbaru,145 KEMENTERIAN PEKERJAAN UMUM,A14503,694186 SNVT PELAKSANAAN JARINGAN PEMANFAATAN AIR SUMATERA III PROVINSI RIAU,A/008.25001304/0/0,2025-10-27,2025-12-15,AZLI ERDI,"Rp148.500.000,00","Rp148.500.000,00","Rp74.250.000,00",Rp -,Rp -,Rp -,"Rp74.250.000,00",,
228,008 Pekanbaru,145 KEMENTERIAN PEKERJAAN UMUM,A14503,694186 SNVT PELAKSANAAN JARINGAN PEMANFAATAN AIR SUMATERA III PROVINSI RIAU,A/008.25001170/0/0,2025-10-27,2025-12-15,CV. ASA WINATA,"Rp173.321.000,00","Rp173.321.000,00","Rp173.321.000,00",Rp -,Rp -,Rp -,"Rp173.321.000,00",,
229,008 Pekanbaru,145 KEMENTERIAN PEKERJAAN UMUM,A14503,694186 SNVT PELAKSANAAN JARINGAN PEMANFAATAN AIR SUMATERA III PROVINSI RIAU,A/008.25001987/0/0,2025-12-12,2025-12-21,MUHAMMAD FAHRUROZAB,"Rp99.000.000,00","Rp99.000.000,00","Rp99.000.000,00",Rp -,Rp -,Rp -,"Rp99.000.000,00",,
230,008 Pekanbaru,145 KEMENTERIAN PEKERJAAN UMUM,A14506,691285 PELAKSANAAN PRASARANA STRATEGIS RIAU,A/008.25001819/1/0,2025-11-28,2025-12-31,PT. ASTADIPATI DUTA H KSO PT. SCE,"Rp274.605.000,00","Rp274.605.000,00","Rp123.278.400,00",Rp -,Rp -,Rp -,"Rp123.278.400,00",,
231,008 Pekanbaru,145 KEMENTERIAN PEKERJAAN UMUM,A14504,693878 PELAKSANAAN JALAN NASIONAL WILAYAH II PROVINSI RIAU,A/008.25000598/0/4,2025-07-31,2025-12-31,PT. DEFA PUTRA ABADI,"Rp7.900.862.000,00","Rp7.900.862.000,00","Rp724.276.400,00","Rp724.276.400,00","-Rp89.066.421,00",Rp -,Rp -,,
232,008 Pekanbaru,145 KEMENTERIAN PEKERJAAN UMUM,A14504,693878 PELAKSANAAN JALAN NASIONAL WILAYAH II PROVINSI RIAU,A/008.25001845/0/1,2025-12-03,2025-12-31,CV. PANCA KARYA ABADI,"Rp13.108.398.000,00","Rp13.108.398.000,00","Rp6.816.957.900,00",Rp -,Rp -,Rp -,"Rp6.816.957.900,00",05-Jan-26,
233,008 Pekanbaru,145 KEMENTERIAN PEKERJAAN UMUM,A14504,693878 PELAKSANAAN JALAN NASIONAL WILAYAH II PROVINSI RIAU,A/008.25000255/0/7,2025-03-18,2025-12-31,PT. RIAU MAS BERSAUDARA,"Rp10.598.407.000,00","Rp10.598.407.000,00","Rp689.068.198,00",Rp -,Rp -,Rp -,"Rp689.068.198,00",,
234,008 Pekanbaru,063 BADAN PENGAWAS OBAT DAN MAKANAN,A06301,432829 BALAI BESAR PENGAWAS OBAT DAN MAKANAN PEKAN BARU,A/008.25000092/0/0,2025-01-10,2025-12-31,PT. PRIMA KARYA SARANA SEJAHTERA,"Rp1.060.813.380,00","Rp1.060.813.380,00","Rp88.401.115,00","Rp88.401.115,00","-Rp799.347,00",Rp -,Rp -,,100
235,008 Pekanbaru,137 KEMENTERIAN IMIGRASI DAN PEMASYARAKATAN,A13704,692639 LAPAS NARKOTIKA KELAS II B RUMBAI,A/008.25000593/0/1,2025-07-30,2025-11-26,CV. ARYA TAMA MANDIRI,"Rp4.022.918.685,00","Rp4.022.918.685,00","Rp2.011.459.343,00","Rp2.011.459.343,00","-Rp320.126.266,00",Rp -,Rp -,,
236,008 Pekanbaru,145 KEMENTERIAN PEKERJAAN UMUM,A14503,694186 SNVT PELAKSANAAN JARINGAN PEMANFAATAN AIR SUMATERA III PROVINSI RIAU,A/008.25001284/0/0,2025-10-27,2025-12-15,MAMAN SUPARMAN,"Rp148.500.000,00","Rp148.500.000,00","Rp74.250.000,00","Rp74.250.000,00","-Rp4.232.250,00",Rp -,Rp -,,
237,008 Pekanbaru,022 KEMENTERIAN PERHUBUNGAN,A02203,403844 BALAI PENGELOLA TRANSPORTASI DARAT RIAU,A/008.25000206/0/2,2025-02-26,2025-12-31,PERUM. DAMRI CABANG JAMBI,"Rp3.015.088.000,00","Rp3.015.088.000,00","Rp301.508.800,00","Rp301.508.800,00","-Rp5.527.661,00",Rp -,Rp -,,
238,008 Pekanbaru,145 KEMENTERIAN PEKERJAAN UMUM,A14504,693877 PELAKSANAAN JALAN NASIONAL WILAYAH I PROVINSI RIAU,A/008.25000542/0/2,2025-07-10,2025-12-31,PT. LUTVINDO WIJAYA PERKASA,"Rp5.786.097.000,00","Rp5.786.097.000,00","Rp445.909.354,00","Rp445.909.354,00","-Rp54.834.799,00",Rp -,Rp -,,
239,008 Pekanbaru,145 KEMENTERIAN PEKERJAAN UMUM,A14504,693877 PELAKSANAAN JALAN NASIONAL WILAYAH I PROVINSI RIAU,A/008.25000257/0/4,2025-03-18,2025-12-31,PT. BINA PEMBANGUNAN ADI JAYA,"Rp5.292.500.000,00","Rp5.292.500.000,00","Rp294.585.543,00","Rp294.585.543,00","-Rp36.226.060,00",Rp -,Rp -,,
240,008 Pekanbaru,145 KEMENTERIAN PEKERJAAN UMUM,A14504,693841 PERENCANAAN DAN PENGAWASAN JALAN NASIONAL PROVINSI RIAU,A/008.25000999/0/3,2025-10-07,2025-12-31,PT. BINTANG INTI REKATAMA KSO PT. INDRA GIRI CONSULTANT,"Rp883.638.000,00","Rp883.638.000,00","Rp397.235.400,00","Rp397.235.400,00","-Rp51.891.111,00",Rp -,Rp -,,
241,008 Pekanbaru,145 KEMENTERIAN PEKERJAAN UMUM,A14503,694186 SNVT PELAKSANAAN JARINGAN PEMANFAATAN AIR SUMATERA III PROVINSI RIAU,A/008.25001289/0/0,2025-10-27,2025-12-15,KHARIS PRIYANTO,"Rp148.500.000,00","Rp148.500.000,00","Rp74.250.000,00","Rp74.250.000,00","-Rp4.232.250,00",Rp -,Rp -,,
242,008 Pekanbaru,145 KEMENTERIAN PEKERJAAN UMUM,A14504,693877 PELAKSANAAN JALAN NASIONAL WILAYAH I PROVINSI RIAU,A/008.25001081/0/1,2025-10-09,2025-12-31,PT. BINA PEMBANGUNAN ADI JAYA,"Rp14.272.425.000,00","Rp14.272.425.000,00","Rp1.554.980.491,00","Rp1.554.980.491,00","-Rp191.220.574,00",Rp -,Rp -,,
243,008 Pekanbaru,145 KEMENTERIAN PEKERJAAN UMUM,A14503,694186 SNVT PELAKSANAAN JARINGAN PEMANFAATAN AIR SUMATERA III PROVINSI RIAU,A/008.25002050/0/0,2025-12-16,2025-12-30,BAHRIZA,"Rp99.000.000,00","Rp99.000.000,00","Rp99.000.000,00","Rp99.000.000,00","-Rp2.574.000,00",Rp -,Rp -,,
244,008 Pekanbaru,145 KEMENTERIAN PEKERJAAN UMUM,A14503,694186 SNVT PELAKSANAAN JARINGAN PEMANFAATAN AIR SUMATERA III PROVINSI RIAU,A/008.25002089/0/0,2025-12-19,2025-12-25,BAHRIZA,"Rp99.000.000,00","Rp99.000.000,00","Rp99.000.000,00","Rp99.000.000,00","-Rp3.069.000,00",Rp -,Rp -,,
245,008 Pekanbaru,145 KEMENTERIAN PEKERJAAN UMUM,A14503,694186 SNVT PELAKSANAAN JARINGAN PEMANFAATAN AIR SUMATERA III PROVINSI RIAU,A/008.25001985/0/0,2025-12-12,2025-12-21,IVAN PRATAMA PUTRA,"Rp99.000.000,00","Rp99.000.000,00","Rp99.000.000,00",Rp -,Rp -,Rp -,"Rp99.000.000,00",,
246,008 Pekanbaru,145 KEMENTERIAN PEKERJAAN UMUM,A14506,691285 PELAKSANAAN PRASARANA STRATEGIS RIAU,A/008.25001815/1/1,2025-11-28,2025-12-31,PT. MANGGALAKARYA BANGUN SARANA KSO PT. ANDALAS RAYA CONSULINDO,"Rp303.812.000,00","Rp303.812.000,00","Rp134.777.150,00",Rp -,Rp -,Rp -,"Rp134.777.150,00",,
247,092 Rengat,137 KEMENTERIAN IMIGRASI DAN PEMASYARAKATAN,A13704,692313 LAPAS KELAS II A TEMBILAHAN,A/092.25000018/0/5,2024-12-31,2025-12-31,CV. EDELWEIS JAYA ANUGRAH,"Rp8.945.075.587,00","Rp8.945.075.587,00","Rp154.219.449,00","Rp154.212.532,00","-Rp7.629.002,00","Rp6.917,00",Rp -,,
248,008 Pekanbaru,145 KEMENTERIAN PEKERJAAN UMUM,A14503,694186 SNVT PELAKSANAAN JARINGAN PEMANFAATAN AIR SUMATERA III PROVINSI RIAU,A/008.25001977/0/0,2025-12-12,2025-12-21,TRI WAHYUDI,"Rp99.000.000,00","Rp99.000.000,00","Rp99.000.000,00","Rp99.000.000,00","-Rp3.465.000,00",Rp -,Rp -,,
249,120 Dumai,139 KEMENTERIAN PENDIDIKAN TINGGI SAINS DAN TEKNOLOGI,A13903,693505 POLITEKNIK NEGERI BENGKALIS,A/120.25000023/0/0,2025-01-03,2025-12-31,PT. PRAJA PUTRA WANGSA,"Rp3.500.400.000,00","Rp3.500.400.000,00","Rp291.700.000,00","Rp291.700.000,00","-Rp34.163.063,00",Rp -,Rp -,,
250,008 Pekanbaru,145 KEMENTERIAN PEKERJAAN UMUM,A14506,691285 PELAKSANAAN PRASARANA STRATEGIS RIAU,A/008.25000805/0/2,2025-09-16,2025-12-31,PT. NOVAL CIPTA FLORA,"Rp16.627.730.000,00","Rp16.627.730.000,00","Rp3.809.105.552,00",Rp -,Rp -,Rp -,"Rp3.809.105.552,00",,
251,008 Pekanbaru,145 KEMENTERIAN PEKERJAAN UMUM,A14504,693878 PELAKSANAAN JALAN NASIONAL WILAYAH II PROVINSI RIAU,A/008.25000583/0/4,2025-07-30,2025-12-31,CV. MUDA KARYA ABADI,"Rp2.288.900.000,00","Rp2.288.900.000,00","Rp213.378.900,00",Rp -,Rp -,Rp -,"Rp213.378.900,00",,
252,008 Pekanbaru,145 KEMENTERIAN PEKERJAAN UMUM,A14504,693878 PELAKSANAAN JALAN NASIONAL WILAYAH II PROVINSI RIAU,A/008.25000267/0/4,2025-03-24,2025-12-31,PT. PT. NAGAMAS MITRA USAHA,"Rp2.568.561.000,00","Rp2.568.561.000,00","Rp189.961.650,00",Rp -,Rp -,Rp -,"Rp189.961.650,00",,
253,008 Pekanbaru,015 KEMENTERIAN KEUANGAN,A01504,410625 KANTOR WILAYAH DJP RIAU,A/008.25000132/0/9,2025-01-20,2025-12-31,PT. MERPATI CAHAYA TIMUR,"Rp1.209.142.428,00","Rp1.209.142.428,00","Rp90.326.586,00","Rp90.209.097,00","-Rp924.978,00","Rp117.489,00",Rp -,,
254,008 Pekanbaru,137 KEMENTERIAN IMIGRASI DAN PEMASYARAKATAN,A13703,692961 RUMAH DETENSI IMIGRASI PEKANBARU,A/008.25002071/0/0,2025-12-18,2025-12-31,CV. BINTANG UTAMA TAILOR,"Rp113.308.800,00","Rp113.308.800,00","Rp113.308.800,00","Rp113.308.800,00","-Rp13.270.400,00",Rp -,Rp -,,100
255,008 Pekanbaru,145 KEMENTERIAN PEKERJAAN UMUM,A14504,693878 PELAKSANAAN JALAN NASIONAL WILAYAH II PROVINSI RIAU,A/008.25001180/0/1,2025-10-28,2025-12-31,PT. RIAU SEPADAN,"Rp21.852.332.000,00","Rp21.852.332.000,00","Rp2.662.445.600,00","Rp2.662.445.600,00","-Rp327.408.850,00",Rp -,Rp -,,
256,008 Pekanbaru,145 KEMENTERIAN PEKERJAAN UMUM,A14503,694186 SNVT PELAKSANAAN JARINGAN PEMANFAATAN AIR SUMATERA III PROVINSI RIAU,A/008.25002094/0/0,2025-12-16,2025-12-30,CV. FAZZA KONSTRUKSI,"Rp196.180.000,00","Rp196.180.000,00","Rp196.180.000,00",Rp -,Rp -,Rp -,"Rp196.180.000,00",,
257,008 Pekanbaru,015 KEMENTERIAN KEUANGAN,A01504,410625 KANTOR WILAYAH DJP RIAU,A/008.25000126/0/9,2025-01-20,2025-12-31,PT. GATRA KARYA NUSA,"Rp1.901.983.932,00","Rp1.901.983.932,00","Rp158.717.565,00","Rp155.098.774,00","-Rp3.150.927,00","Rp3.618.791,00",Rp -,,
258,008 Pekanbaru,145 KEMENTERIAN PEKERJAAN UMUM,A14503,694186 SNVT PELAKSANAAN JARINGAN PEMANFAATAN AIR SUMATERA III PROVINSI RIAU,A/008.25001290/0/0,2025-10-27,2025-12-15,ROBI,"Rp148.500.000,00","Rp148.500.000,00","Rp74.250.000,00","Rp74.250.000,00","-Rp4.232.250,00",Rp -,Rp -,,
259,008 Pekanbaru,145 KEMENTERIAN PEKERJAAN UMUM,A14503,694186 SNVT PELAKSANAAN JARINGAN PEMANFAATAN AIR SUMATERA III PROVINSI RIAU,A/008.25001975/0/0,2025-12-12,2025-12-21,MAIRIZAL,"Rp99.000.000,00","Rp99.000.000,00","Rp99.000.000,00","Rp99.000.000,00","-Rp3.465.000,00",Rp -,Rp -,,
260,008 Pekanbaru,145 KEMENTERIAN PEKERJAAN UMUM,A14504,693806 BALAI PELAKSANAAN JALAN NASIONAL RIAU,A/008.25000356/0/3,2025-05-02,2025-12-30,PT. SAICLE JASA KSO PT. INDONESIA CONSULTAN TEKNIK,"Rp2.427.024.102,00","Rp2.427.024.102,00","Rp296.947.089,00","Rp296.947.089,00","-Rp38.790.386,00",Rp -,Rp -,,
261,008 Pekanbaru,145 KEMENTERIAN PEKERJAAN UMUM,A14503,694186 SNVT PELAKSANAAN JARINGAN PEMANFAATAN AIR SUMATERA III PROVINSI RIAU,A/008.25001312/0/0,2025-10-27,2025-12-15,WAWAN SYOFYAN,"Rp148.500.000,00","Rp148.500.000,00","Rp74.250.000,00",Rp -,Rp -,Rp -,"Rp74.250.000,00",,
262,008 Pekanbaru,145 KEMENTERIAN PEKERJAAN UMUM,A14503,694186 SNVT PELAKSANAAN JARINGAN PEMANFAATAN AIR SUMATERA III PROVINSI RIAU,A/008.25001151/0/0,2025-10-27,2025-12-15,CV KARYA BERSAMA MANDIRI,"Rp173.100.000,00","Rp173.100.000,00","Rp173.100.000,00",Rp -,Rp -,Rp -,"Rp173.100.000,00",,
263,008 Pekanbaru,145 KEMENTERIAN PEKERJAAN UMUM,A14506,691285 PELAKSANAAN PRASARANA STRATEGIS RIAU,A/008.25001818/1/0,2025-11-28,2025-12-31,PT. LARAS SEMBADA KSO PT CITRA YASA PERSADA,"Rp360.320.000,00","Rp360.320.000,00","Rp167.551.250,00",Rp -,Rp -,Rp -,"Rp167.551.250,00",,
264,008 Pekanbaru,145 KEMENTERIAN PEKERJAAN UMUM,A14503,694186 SNVT PELAKSANAAN JARINGAN PEMANFAATAN AIR SUMATERA III PROVINSI RIAU,A/008.25002095/0/0,2025-12-16,2025-12-31,CV. MENGGALA KRIDHA,"Rp196.433.000,00","Rp196.433.000,00","Rp196.433.000,00",Rp -,Rp -,Rp -,"Rp196.433.000,00",,
265,008 Pekanbaru,145 KEMENTERIAN PEKERJAAN UMUM,A14503,694186 SNVT PELAKSANAAN JARINGAN PEMANFAATAN AIR SUMATERA III PROVINSI RIAU,A/008.25002045/0/0,2025-12-16,2025-12-30,SURYA AMAL,"Rp99.000.000,00","Rp99.000.000,00","Rp99.000.000,00","Rp99.000.000,00","-Rp2.574.000,00",Rp -,Rp -,,
266,008 Pekanbaru,145 KEMENTERIAN PEKERJAAN UMUM,A14503,694186 SNVT PELAKSANAAN JARINGAN PEMANFAATAN AIR SUMATERA III PROVINSI RIAU,A/008.25001288/0/0,2025-10-27,2025-12-15,DIDI WAHYUDI,"Rp148.500.000,00","Rp148.500.000,00","Rp74.250.000,00","Rp74.250.000,00","-Rp4.232.250,00",Rp -,Rp -,,
267,008 Pekanbaru,145 KEMENTERIAN PEKERJAAN UMUM,A14504,693878 PELAKSANAAN JALAN NASIONAL WILAYAH II PROVINSI RIAU,A/008.25001090/0/2,2025-10-17,2025-12-30,PT. PT. NAGAMAS MITRA USAHA,"Rp18.263.086.000,00","Rp18.263.086.000,00","Rp5.124.604.050,00",Rp -,Rp -,Rp -,"Rp5.124.604.050,00",03-Jan-26,
268,008 Pekanbaru,145 KEMENTERIAN PEKERJAAN UMUM,A14503,694186 SNVT PELAKSANAAN JARINGAN PEMANFAATAN AIR SUMATERA III PROVINSI RIAU,A/008.25001331/0/0,2025-10-27,2025-12-15,HAMARI LUBIS,"Rp148.500.000,00","Rp148.500.000,00","Rp74.250.000,00",Rp -,Rp -,Rp -,"Rp74.250.000,00",,
269,120 Dumai,056 KEMENTERIAN AGRARIA DAN TATA RUANG/BPN,A05601,637436 KANTOR PERTANAHAN KAB. ROKAN HILIR,A/120.25000313/0/0,2025-12-11,2025-12-31,PT. E-LM HAURATA SOLUSINDO,"Rp99.000.000,00","Rp99.000.000,00","Rp99.000.000,00","Rp84.150.000,00",Rp -,"Rp14.850.000,00",Rp -,,100
270,008 Pekanbaru,145 KEMENTERIAN PEKERJAAN UMUM,A14503,694186 SNVT PELAKSANAAN JARINGAN PEMANFAATAN AIR SUMATERA III PROVINSI RIAU,A/008.25001148/0/1,2025-10-27,2025-12-15,CV. TABINA JAYA MANDIRI,"Rp156.950.000,00","Rp156.950.000,00","Rp156.950.000,00","Rp156.950.000,00","-Rp21.812.609,00",Rp -,Rp -,,
271,008 Pekanbaru,145 KEMENTERIAN PEKERJAAN UMUM,A14503,694186 SNVT PELAKSANAAN JARINGAN PEMANFAATAN AIR SUMATERA III PROVINSI RIAU,A/008.25002041/0/0,2025-12-16,2025-12-30,PERINDO,"Rp99.000.000,00","Rp99.000.000,00","Rp99.000.000,00","Rp99.000.000,00","-Rp2.574.000,00",Rp -,Rp -,,
272,008 Pekanbaru,145 KEMENTERIAN PEKERJAAN UMUM,A14503,694186 SNVT PELAKSANAAN JARINGAN PEMANFAATAN AIR SUMATERA III PROVINSI RIAU,A/008.25002102/0/0,2025-12-16,2025-12-30,CV. LAMBERTO KARYA,"Rp196.232.000,00","Rp196.232.000,00","Rp196.232.000,00",Rp -,Rp -,Rp -,"Rp196.232.000,00",,